5 May 2026 19:28:03.891371046,5 May 2026 19:29:19.662897745,-56.8668566142075,-61.4827496336363
6 May 2026 13:35:18.667758272,6 May 2026 13:38:33.288339151,46.9246365740135,58.9705010269148
6 May 2026 13:38:39.241875206,6 May 2026 13:40:23.441376667,59.3353392692446,65.6629658987183
7 May 2026 06:06:16.401527688,7 May 2026 06:08:50.972257155,-31.0200420385037,-40.6699712987353
7 May 2026 07:46:13.406598128,7 May 2026 07:46:23.921039657,-50.325882335015,-50.9750434587593
7 May 2026 07:47:22.536538321,7 May 2026 07:47:33.090970082,-54.5847018346375,-55.2328036112156
7 May 2026 13:20:13.279544169,7 May 2026 13:20:55.951847780,58.8790517300643,61.487327331055
8 May 2026 07:28:04.835396415,8 May 2026 07:29:57.358835455,-50.9389861569673,-57.853369694654
9 May 2026 01:36:13.918086090,9 May 2026 01:37:51.214804929,44.3329024329241,50.3934254160465
9 May 2026 01:39:07.743289693,9 May 2026 01:40:35.875884058,55.1316453763591,60.5436625076937
10 May 2026 01:20:17.058338323,10 May 2026 01:21:33.282458203,53.1620678386921,57.8616690264191
10 May 2026 19:28:15.504817525,10 May 2026 19:30:30.630343107,-45.6210113156274,-53.9746059686009
10 May 2026 19:31:17.033746490,10 May 2026 19:33:16.122641302,-56.8235483649698,-64.0614536915672
12 May 2026 13:20:32.350192079,12 May 2026 13:22:05.124595286,48.1649226525456,53.9177672158743
12 May 2026 13:22:36.195622882,12 May 2026 13:24:49.099666443,55.8347119774002,63.9522044410765
13 May 2026 05:52:02.916034583,13 May 2026 05:54:56.806729724,-34.2989844039868,-45.1408845679227
15 May 2026 01:22:40.645256410,15 May 2026 01:24:20.108721305,50.2277529961252,56.3746962240872
15 May 2026 17:52:13.985264881,15 May 2026 17:55:30.360260231,-29.0398174635399,-41.3198441282283
16 May 2026 19:15:23.221095822,16 May 2026 19:16:29.416532825,-54.0771574360559,-58.1407972811886
17 May 2026 11:44:35.036062939,17 May 2026 11:46:46.594718636,31.8971226179814,40.1479663716717
19 May 2026 05:37:43.943527061,19 May 2026 05:40:43.940666988,-37.533998254327,-48.7425072631154
NaN,NaN,NaN,NaN
NaN,NaN,NaN,NaN
NaN,NaN,NaN,NaN
NaN,NaN,NaN,NaN
NaN,NaN,NaN,NaN
NaN,NaN,NaN,NaN
NaN,NaN,NaN,NaN
NaN,NaN,NaN,NaN
NaN,NaN,NaN,NaN
NaN,NaN,NaN,NaN
NaN,NaN,NaN,NaN
NaN,NaN,NaN,NaN
NaN,NaN,NaN,NaN
NaN,NaN,NaN,NaN
NaN,NaN,NaN,NaN
NaN,NaN,NaN,NaN
NaN,NaN,NaN,NaN
NaN,NaN,NaN,NaN
NaN,NaN,NaN,NaN
NaN,NaN,NaN,NaN
NaN,NaN,NaN,NaN
NaN,NaN,NaN,NaN
NaN,NaN,NaN,NaN
NaN,NaN,NaN,NaN
NaN,NaN,NaN,NaN
NaN,NaN,NaN,NaN
NaN,NaN,NaN,NaN
NaN,NaN,NaN,NaN
NaN,NaN,NaN,NaN
NaN,NaN,NaN,NaN
NaN,NaN,NaN,NaN
NaN,NaN,NaN,NaN
NaN,NaN,NaN,NaN
NaN,NaN,NaN,NaN
NaN,NaN,NaN,NaN
NaN,NaN,NaN,NaN
NaN,NaN,NaN,NaN
NaN,NaN,NaN,NaN
NaN,NaN,NaN,NaN
NaN,NaN,NaN,NaN
NaN,NaN,NaN,NaN
NaN,NaN,NaN,NaN
NaN,NaN,NaN,NaN
NaN,NaN,NaN,NaN
NaN,NaN,NaN,NaN
NaN,NaN,NaN,NaN
NaN,NaN,NaN,NaN
NaN,NaN,NaN,NaN
NaN,NaN,NaN,NaN
NaN,NaN,NaN,NaN
NaN,NaN,NaN,NaN
NaN,NaN,NaN,NaN
NaN,NaN,NaN,NaN
NaN,NaN,NaN,NaN
NaN,NaN,NaN,NaN
NaN,NaN,NaN,NaN
NaN,NaN,NaN,NaN
NaN,NaN,NaN,NaN
NaN,NaN,NaN,NaN
NaN,NaN,NaN,NaN
NaN,NaN,NaN,NaN
NaN,NaN,NaN,NaN
NaN,NaN,NaN,NaN
NaN,NaN,NaN,NaN
NaN,NaN,NaN,NaN
NaN,NaN,NaN,NaN
NaN,NaN,NaN,NaN
NaN,NaN,NaN,NaN
NaN,NaN,NaN,NaN
NaN,NaN,NaN,NaN
NaN,NaN,NaN,NaN
NaN,NaN,NaN,NaN
NaN,NaN,NaN,NaN
NaN,NaN,NaN,NaN
NaN,NaN,NaN,NaN
NaN,NaN,NaN,NaN
NaN,NaN,NaN,NaN
NaN,NaN,NaN,NaN
NaN,NaN,NaN,NaN
NaN,NaN,NaN,NaN
NaN,NaN,NaN,NaN
NaN,NaN,NaN,NaN
NaN,NaN,NaN,NaN
NaN,NaN,NaN,NaN
NaN,NaN,NaN,NaN
NaN,NaN,NaN,NaN
NaN,NaN,NaN,NaN
NaN,NaN,NaN,NaN
NaN,NaN,NaN,NaN
NaN,NaN,NaN,NaN
NaN,NaN,NaN,NaN
NaN,NaN,NaN,NaN
NaN,NaN,NaN,NaN
NaN,NaN,NaN,NaN
NaN,NaN,NaN,NaN
NaN,NaN,NaN,NaN
NaN,NaN,NaN,NaN
NaN,NaN,NaN,NaN
NaN,NaN,NaN,NaN
NaN,NaN,NaN,NaN
NaN,NaN,NaN,NaN
NaN,NaN,NaN,NaN
NaN,NaN,NaN,NaN
NaN,NaN,NaN,NaN
NaN,NaN,NaN,NaN
NaN,NaN,NaN,NaN
NaN,NaN,NaN,NaN
NaN,NaN,NaN,NaN
NaN,NaN,NaN,NaN
NaN,NaN,NaN,NaN
NaN,NaN,NaN,NaN
NaN,NaN,NaN,NaN
NaN,NaN,NaN,NaN
NaN,NaN,NaN,NaN
7 May 2026 06:06:16.401527688,7 May 2026 06:08:50.972257155,-31.0200420385037,-40.6699712987353
13 May 2026 05:52:02.916034583,13 May 2026 05:54:56.806729724,-34.2989844039868,-45.1408845679227
15 May 2026 17:52:13.985264881,15 May 2026 17:55:30.360260231,-29.0398174635399,-41.3198441282283
17 May 2026 11:44:35.036062939,17 May 2026 11:46:46.594718636,31.8971226179814,40.1479663716717
19 May 2026 05:37:43.943527061,19 May 2026 05:40:43.940666988,-37.533998254327,-48.7425072631154
NaN,NaN,NaN,NaN
NaN,NaN,NaN,NaN
NaN,NaN,NaN,NaN
NaN,NaN,NaN,NaN
NaN,NaN,NaN,NaN
NaN,NaN,NaN,NaN
NaN,NaN,NaN,NaN
NaN,NaN,NaN,NaN
NaN,NaN,NaN,NaN
NaN,NaN,NaN,NaN
NaN,NaN,NaN,NaN
NaN,NaN,NaN,NaN
NaN,NaN,NaN,NaN
NaN,NaN,NaN,NaN
NaN,NaN,NaN,NaN
NaN,NaN,NaN,NaN
NaN,NaN,NaN,NaN
NaN,NaN,NaN,NaN
NaN,NaN,NaN,NaN
NaN,NaN,NaN,NaN
NaN,NaN,NaN,NaN
NaN,NaN,NaN,NaN
NaN,NaN,NaN,NaN
NaN,NaN,NaN,NaN
NaN,NaN,NaN,NaN
NaN,NaN,NaN,NaN
NaN,NaN,NaN,NaN
NaN,NaN,NaN,NaN
NaN,NaN,NaN,NaN
NaN,NaN,NaN,NaN
NaN,NaN,NaN,NaN
NaN,NaN,NaN,NaN
NaN,NaN,NaN,NaN
NaN,NaN,NaN,NaN
NaN,NaN,NaN,NaN
NaN,NaN,NaN,NaN
NaN,NaN,NaN,NaN
NaN,NaN,NaN,NaN
NaN,NaN,NaN,NaN
NaN,NaN,NaN,NaN
NaN,NaN,NaN,NaN
NaN,NaN,NaN,NaN
NaN,NaN,NaN,NaN
NaN,NaN,NaN,NaN
NaN,NaN,NaN,NaN
NaN,NaN,NaN,NaN
NaN,NaN,NaN,NaN
NaN,NaN,NaN,NaN
NaN,NaN,NaN,NaN
NaN,NaN,NaN,NaN
NaN,NaN,NaN,NaN
NaN,NaN,NaN,NaN
NaN,NaN,NaN,NaN
NaN,NaN,NaN,NaN
NaN,NaN,NaN,NaN
NaN,NaN,NaN,NaN
NaN,NaN,NaN,NaN
NaN,NaN,NaN,NaN
NaN,NaN,NaN,NaN
NaN,NaN,NaN,NaN
NaN,NaN,NaN,NaN
NaN,NaN,NaN,NaN
NaN,NaN,NaN,NaN
NaN,NaN,NaN,NaN
NaN,NaN,NaN,NaN
NaN,NaN,NaN,NaN
NaN,NaN,NaN,NaN
NaN,NaN,NaN,NaN
NaN,NaN,NaN,NaN
NaN,NaN,NaN,NaN
NaN,NaN,NaN,NaN
NaN,NaN,NaN,NaN
NaN,NaN,NaN,NaN
NaN,NaN,NaN,NaN
NaN,NaN,NaN,NaN
NaN,NaN,NaN,NaN
NaN,NaN,NaN,NaN
NaN,NaN,NaN,NaN
NaN,NaN,NaN,NaN
NaN,NaN,NaN,NaN
NaN,NaN,NaN,NaN
NaN,NaN,NaN,NaN
NaN,NaN,NaN,NaN
NaN,NaN,NaN,NaN
NaN,NaN,NaN,NaN
NaN,NaN,NaN,NaN
NaN,NaN,NaN,NaN
NaN,NaN,NaN,NaN
NaN,NaN,NaN,NaN
NaN,NaN,NaN,NaN
NaN,NaN,NaN,NaN
NaN,NaN,NaN,NaN
NaN,NaN,NaN,NaN
NaN,NaN,NaN,NaN
NaN,NaN,NaN,NaN
NaN,NaN,NaN,NaN
NaN,NaN,NaN,NaN
NaN,NaN,NaN,NaN
NaN,NaN,NaN,NaN
NaN,NaN,NaN,NaN
NaN,NaN,NaN,NaN
NaN,NaN,NaN,NaN
NaN,NaN,NaN,NaN
NaN,NaN,NaN,NaN
NaN,NaN,NaN,NaN
NaN,NaN,NaN,NaN
NaN,NaN,NaN,NaN
NaN,NaN,NaN,NaN
NaN,NaN,NaN,NaN
NaN,NaN,NaN,NaN
NaN,NaN,NaN,NaN
NaN,NaN,NaN,NaN
NaN,NaN,NaN,NaN
NaN,NaN,NaN,NaN
NaN,NaN,NaN,NaN
NaN,NaN,NaN,NaN
NaN,NaN,NaN,NaN
NaN,NaN,NaN,NaN
NaN,NaN,NaN,NaN
NaN,NaN,NaN,NaN
NaN,NaN,NaN,NaN
NaN,NaN,NaN,NaN
NaN,NaN,NaN,NaN
NaN,NaN,NaN,NaN
NaN,NaN,NaN,NaN
NaN,NaN,NaN,NaN
NaN,NaN,NaN,NaN
NaN,NaN,NaN,NaN
NaN,NaN,NaN,NaN
NaN,NaN,NaN,NaN
6 May 2026 11:35:59.855969585,6 May 2026 11:37:24.905579829,-45.8630250826382,-40.5559907562165
8 May 2026 05:28:11.860414654,8 May 2026 05:29:00.169728617,43.4876093760936,40.4768478628551
8 May 2026 05:32:44.473511353,8 May 2026 05:32:52.282865923,26.4357392415218,25.9454760098261
9 May 2026 23:23:53.320937265,9 May 2026 23:24:19.675629809,-28.5865394505273,-26.9266609742407
10 May 2026 17:33:06.865374036,10 May 2026 17:33:16.374870251,31.1066430899334,30.5106529866145
12 May 2026 11:24:17.392754498,12 May 2026 11:25:53.799370949,-33.0804964368592,-27.0147225892083
13 May 2026 05:33:28.760361562,13 May 2026 05:33:37.404108008,35.7510151958596,35.2104191064676
14 May 2026 01:36:25.653056635,14 May 2026 01:36:34.266384596,33.0768792744262,33.6181950151998
14 May 2026 05:16:12.684829901,14 May 2026 05:18:01.581120678,31.8045508055059,24.9733934246457
14 May 2026 23:25:11.874410600,14 May 2026 23:26:18.930887735,-35.6084460684151,-31.396418141159
15 May 2026 19:28:51.121712198,15 May 2026 19:29:09.240683561,-35.9553413827105,-37.0877684940047
16 May 2026 13:36:52.418207654,16 May 2026 13:37:47.855431346,28.8134506152989,32.3005602345462
16 May 2026 17:17:32.112843228,16 May 2026 17:18:22.482083627,32.7802844329412,29.6236854407174
17 May 2026 13:21:19.843681727,17 May 2026 13:21:24.243345139,39.3072235185361,39.5825999459433
18 May 2026 07:29:13.136846542,18 May 2026 07:31:10.065785554,-31.4385491768131,-38.7548141000883
NaN,NaN,NaN,NaN
NaN,NaN,NaN,NaN
NaN,NaN,NaN,NaN
NaN,NaN,NaN,NaN
NaN,NaN,NaN,NaN
NaN,NaN,NaN,NaN
NaN,NaN,NaN,NaN
NaN,NaN,NaN,NaN
NaN,NaN,NaN,NaN
NaN,NaN,NaN,NaN
NaN,NaN,NaN,NaN
NaN,NaN,NaN,NaN
NaN,NaN,NaN,NaN
NaN,NaN,NaN,NaN
NaN,NaN,NaN,NaN
NaN,NaN,NaN,NaN
NaN,NaN,NaN,NaN
NaN,NaN,NaN,NaN
NaN,NaN,NaN,NaN
NaN,NaN,NaN,NaN
NaN,NaN,NaN,NaN
NaN,NaN,NaN,NaN
NaN,NaN,NaN,NaN
NaN,NaN,NaN,NaN
NaN,NaN,NaN,NaN
NaN,NaN,NaN,NaN
NaN,NaN,NaN,NaN
NaN,NaN,NaN,NaN
NaN,NaN,NaN,NaN
NaN,NaN,NaN,NaN
NaN,NaN,NaN,NaN
NaN,NaN,NaN,NaN
NaN,NaN,NaN,NaN
NaN,NaN,NaN,NaN
NaN,NaN,NaN,NaN
NaN,NaN,NaN,NaN
NaN,NaN,NaN,NaN
NaN,NaN,NaN,NaN
NaN,NaN,NaN,NaN
NaN,NaN,NaN,NaN
NaN,NaN,NaN,NaN
NaN,NaN,NaN,NaN
NaN,NaN,NaN,NaN
NaN,NaN,NaN,NaN
NaN,NaN,NaN,NaN
NaN,NaN,NaN,NaN
NaN,NaN,NaN,NaN
NaN,NaN,NaN,NaN
NaN,NaN,NaN,NaN
NaN,NaN,NaN,NaN
NaN,NaN,NaN,NaN
NaN,NaN,NaN,NaN
NaN,NaN,NaN,NaN
NaN,NaN,NaN,NaN
NaN,NaN,NaN,NaN
NaN,NaN,NaN,NaN
NaN,NaN,NaN,NaN
NaN,NaN,NaN,NaN
NaN,NaN,NaN,NaN
NaN,NaN,NaN,NaN
NaN,NaN,NaN,NaN
NaN,NaN,NaN,NaN
NaN,NaN,NaN,NaN
NaN,NaN,NaN,NaN
NaN,NaN,NaN,NaN
NaN,NaN,NaN,NaN
NaN,NaN,NaN,NaN
NaN,NaN,NaN,NaN
NaN,NaN,NaN,NaN
NaN,NaN,NaN,NaN
NaN,NaN,NaN,NaN
NaN,NaN,NaN,NaN
NaN,NaN,NaN,NaN
NaN,NaN,NaN,NaN
NaN,NaN,NaN,NaN
NaN,NaN,NaN,NaN
NaN,NaN,NaN,NaN
NaN,NaN,NaN,NaN
NaN,NaN,NaN,NaN
NaN,NaN,NaN,NaN
NaN,NaN,NaN,NaN
NaN,NaN,NaN,NaN
NaN,NaN,NaN,NaN
NaN,NaN,NaN,NaN
NaN,NaN,NaN,NaN
NaN,NaN,NaN,NaN
NaN,NaN,NaN,NaN
NaN,NaN,NaN,NaN
NaN,NaN,NaN,NaN
NaN,NaN,NaN,NaN
NaN,NaN,NaN,NaN
NaN,NaN,NaN,NaN
NaN,NaN,NaN,NaN
NaN,NaN,NaN,NaN
NaN,NaN,NaN,NaN
NaN,NaN,NaN,NaN
NaN,NaN,NaN,NaN
NaN,NaN,NaN,NaN
NaN,NaN,NaN,NaN
NaN,NaN,NaN,NaN
NaN,NaN,NaN,NaN
NaN,NaN,NaN,NaN
NaN,NaN,NaN,NaN
NaN,NaN,NaN,NaN
NaN,NaN,NaN,NaN
NaN,NaN,NaN,NaN
NaN,NaN,NaN,NaN
NaN,NaN,NaN,NaN
NaN,NaN,NaN,NaN
NaN,NaN,NaN,NaN
NaN,NaN,NaN,NaN
NaN,NaN,NaN,NaN
NaN,NaN,NaN,NaN
NaN,NaN,NaN,NaN
NaN,NaN,NaN,NaN
NaN,NaN,NaN,NaN
NaN,NaN,NaN,NaN
NaN,NaN,NaN,NaN
NaN,NaN,NaN,NaN
NaN,NaN,NaN,NaN
5 May 2026 18:29:38.598547848,5 May 2026 18:32:52.196625973,15.5332807258866,27.7675283888404
6 May 2026 05:32:00.695472252,6 May 2026 05:33:26.457047885,11.4007480978377,16.8297103981335
6 May 2026 16:22:50.804168440,6 May 2026 16:24:19.084664622,-36.4479821150184,-30.9044812440023
6 May 2026 16:24:57.477497523,6 May 2026 16:26:57.496154479,-28.4887727539989,-20.9214982209023
6 May 2026 18:13:35.295551122,6 May 2026 18:14:45.237426608,24.0817296194251,28.4950851042282
6 May 2026 23:41:47.278741848,6 May 2026 23:43:33.795034975,-10.8006840229195,-17.5010040066253
7 May 2026 10:34:16.364011952,7 May 2026 10:36:28.647252609,30.6286356153801,22.3249392682325
7 May 2026 12:22:35.056826595,7 May 2026 12:25:14.543058611,-20.4575926145154,-30.4595458130475
7 May 2026 23:24:23.415318936,7 May 2026 23:25:16.604537052,-14.231273788221,-17.5762366122688
8 May 2026 06:30:05.187281220,8 May 2026 06:33:21.812046510,11.084552048558,23.5206177771039
8 May 2026 10:15:39.675253121,8 May 2026 10:15:51.042705979,31.7732719697353,31.0609658817513
8 May 2026 12:06:42.743038688,8 May 2026 12:06:51.561746017,-29.625394729211,-30.177621789054
8 May 2026 17:32:28.469108390,8 May 2026 17:36:23.693305894,7.03396383619607,21.9185473570847
9 May 2026 04:25:40.030238410,9 May 2026 04:30:43.792406279,-31.8854900993036,-12.7192824883398
9 May 2026 06:14:00.408034689,9 May 2026 06:16:48.227215634,19.5650589563512,30.1559500606912
9 May 2026 17:16:05.717756751,9 May 2026 17:16:30.183925834,14.3863560148891,15.9343819677939
9 May 2026 22:36:59.267471707,9 May 2026 22:37:18.306239519,26.5008054227978,25.3054985105623
10 May 2026 00:23:02.513927336,10 May 2026 00:25:48.321609663,-16.0864035700663,-26.5015473767237
10 May 2026 05:58:13.145884596,10 May 2026 05:58:36.790493876,29.136339133474,30.6255842886182
10 May 2026 11:24:52.292221918,10 May 2026 11:28:16.262489877,-9.95112770139829,-22.7795411838153
10 May 2026 16:44:47.011864638,10 May 2026 16:45:28.024301967,-34.8957879342403,-32.319811019098
10 May 2026 18:33:40.172449162,10 May 2026 18:33:49.058363672,18.6051140488155,19.1668137430838
10 May 2026 22:16:39.700790310,10 May 2026 22:17:16.515176717,34.075634894295,31.7704061636676
10 May 2026 22:18:17.860756711,10 May 2026 22:21:59.144453174,27.9242965765981,14.0136975798522
11 May 2026 00:07:09.526531176,11 May 2026 00:09:07.639768509,-25.2467169020338,-32.648151976983
11 May 2026 05:36:08.503127785,11 May 2026 05:38:39.499689012,14.8884525106922,24.4303102051996
11 May 2026 16:28:37.938947188,11 May 2026 16:31:16.595221488,-26.7157252427512,-16.7016513861495
11 May 2026 18:14:26.061600781,11 May 2026 18:17:15.354615329,15.1260766720036,25.820893004333
12 May 2026 05:16:31.888359054,12 May 2026 05:19:32.339094846,9.98640641257327,21.3984315600016
12 May 2026 12:24:09.333804119,12 May 2026 12:26:15.400981725,-14.237532170302,-22.1655714691004
12 May 2026 17:58:38.097085107,12 May 2026 18:00:31.455715422,24.6812882290674,31.8230283508101
12 May 2026 23:25:51.886477574,12 May 2026 23:31:12.611546876,-7.65306829193957,-27.8223363454922
13 May 2026 10:18:45.301381799,13 May 2026 10:18:47.752251380,32.2240176454883,32.0704995874548
13 May 2026 10:20:11.908518874,13 May 2026 10:22:48.672354281,26.7934065058098,16.9397258854076
13 May 2026 12:07:36.989626482,13 May 2026 12:09:34.795835431,-20.9525345537683,-28.3488820936336
13 May 2026 23:09:03.411684161,13 May 2026 23:11:20.592714193,-13.363961993739,-21.993704135699
14 May 2026 04:31:38.381245695,14 May 2026 04:31:47.560683138,-21.3263969010499,-20.7469049377037
14 May 2026 06:14:51.946006997,14 May 2026 06:17:41.915424765,10.7471621725583,21.4924637841262
14 May 2026 11:52:08.531665105,14 May 2026 11:52:44.446813030,-31.669927553702,-33.9181970041924
14 May 2026 17:16:57.757066623,14 May 2026 17:22:31.363778422,5.61349145233117,26.698064272453
15 May 2026 04:12:03.162384489,15 May 2026 04:15:11.019661403,-26.0988541835353,-14.2382385028496
15 May 2026 05:59:04.187249841,15 May 2026 06:00:57.788574617,20.3406497065814,27.5062429647856
15 May 2026 11:30:23.645269420,15 May 2026 11:33:34.293286164,-18.7673214626947,-30.7397257668482
15 May 2026 17:00:45.995306424,15 May 2026 17:02:23.969820275,13.7012006754032,19.8930776216169
15 May 2026 22:23:09.576106338,15 May 2026 22:23:18.519734739,21.6149418878557,21.0525818200836
16 May 2026 00:08:04.740303749,16 May 2026 00:10:01.010030424,-16.7205571384151,-24.032431811348
16 May 2026 00:14:25.469110489,16 May 2026 00:14:34.998946669,-40.5917952431834,-41.1859060728083
16 May 2026 05:43:48.199681607,16 May 2026 05:44:04.520162951,31.9108083990501,32.9365757178837
16 May 2026 11:09:30.784398678,16 May 2026 11:14:21.476342325,-9.1081749296313,-27.3969626110676
16 May 2026 18:17:53.346858054,16 May 2026 18:18:07.968997426,16.251014755256,17.175004032282
16 May 2026 18:23:15.422068419,16 May 2026 18:23:24.242794261,36.5384552580906,37.091514933546
16 May 2026 23:52:39.393806075,16 May 2026 23:53:10.472855338,-27.6717528742277,-29.621488542426
17 May 2026 05:20:25.411751616,17 May 2026 05:25:27.000843389,12.7922021643379,31.8154392797972
17 May 2026 10:53:26.658961264,17 May 2026 10:54:06.996732932,-17.641884427004,-20.1802064674394
17 May 2026 16:14:48.051236503,17 May 2026 16:16:31.738537463,-21.6247876389943,-15.0760525924731
17 May 2026 17:59:31.021989242,17 May 2026 18:01:23.405922925,16.0903325872549,23.1854501783648
18 May 2026 05:01:11.167790845,18 May 2026 05:05:28.659092966,9.35166825493156,25.6134993819983
18 May 2026 12:08:57.034460532,18 May 2026 12:10:26.390365667,-14.0797284333689,-19.7060509076079
18 May 2026 12:15:03.974807054,18 May 2026 12:15:16.308896074,-37.1227644192378,-37.8935977337766
18 May 2026 17:44:20.056137346,18 May 2026 17:44:29.623482143,28.0068969844493,28.6090590021303
18 May 2026 23:10:59.996919745,18 May 2026 23:17:18.291854665,-8.79923053450225,-32.5919136389626
19 May 2026 10:06:39.329772609,19 May 2026 10:07:56.628654007,20.6648293078649,15.7991363382927
19 May 2026 11:53:12.029914256,19 May 2026 11:53:35.453507957,-23.8278499549792,-25.3000507831377
19 May 2026 17:24:59.574846878,19 May 2026 17:27:26.997505443,24.1960206825061,33.4704986778055
NaN,NaN,NaN,NaN
NaN,NaN,NaN,NaN
NaN,NaN,NaN,NaN
NaN,NaN,NaN,NaN
NaN,NaN,NaN,NaN
NaN,NaN,NaN,NaN
NaN,NaN,NaN,NaN
NaN,NaN,NaN,NaN
NaN,NaN,NaN,NaN
NaN,NaN,NaN,NaN
NaN,NaN,NaN,NaN
NaN,NaN,NaN,NaN
NaN,NaN,NaN,NaN
NaN,NaN,NaN,NaN
NaN,NaN,NaN,NaN
NaN,NaN,NaN,NaN
NaN,NaN,NaN,NaN
NaN,NaN,NaN,NaN
NaN,NaN,NaN,NaN
NaN,NaN,NaN,NaN
NaN,NaN,NaN,NaN
NaN,NaN,NaN,NaN
NaN,NaN,NaN,NaN
NaN,NaN,NaN,NaN
NaN,NaN,NaN,NaN
NaN,NaN,NaN,NaN
NaN,NaN,NaN,NaN
NaN,NaN,NaN,NaN
NaN,NaN,NaN,NaN
NaN,NaN,NaN,NaN
NaN,NaN,NaN,NaN
NaN,NaN,NaN,NaN
NaN,NaN,NaN,NaN
NaN,NaN,NaN,NaN
NaN,NaN,NaN,NaN
NaN,NaN,NaN,NaN
NaN,NaN,NaN,NaN
NaN,NaN,NaN,NaN
NaN,NaN,NaN,NaN
NaN,NaN,NaN,NaN
NaN,NaN,NaN,NaN
NaN,NaN,NaN,NaN
NaN,NaN,NaN,NaN
NaN,NaN,NaN,NaN
NaN,NaN,NaN,NaN
NaN,NaN,NaN,NaN
NaN,NaN,NaN,NaN
NaN,NaN,NaN,NaN
NaN,NaN,NaN,NaN
NaN,NaN,NaN,NaN
NaN,NaN,NaN,NaN
NaN,NaN,NaN,NaN
NaN,NaN,NaN,NaN
NaN,NaN,NaN,NaN
NaN,NaN,NaN,NaN
NaN,NaN,NaN,NaN
NaN,NaN,NaN,NaN
NaN,NaN,NaN,NaN
NaN,NaN,NaN,NaN
NaN,NaN,NaN,NaN
NaN,NaN,NaN,NaN
NaN,NaN,NaN,NaN
NaN,NaN,NaN,NaN
NaN,NaN,NaN,NaN
NaN,NaN,NaN,NaN
NaN,NaN,NaN,NaN
NaN,NaN,NaN,NaN
NaN,NaN,NaN,NaN
NaN,NaN,NaN,NaN
NaN,NaN,NaN,NaN
NaN,NaN,NaN,NaN
5 May 2026 22:35:43.073342320,5 May 2026 22:37:47.343960766,-49.8308275936923,-57.4717531301675
6 May 2026 15:06:44.471273172,6 May 2026 15:07:09.835919118,34.3362833744837,35.9306712718251
6 May 2026 15:08:17.271389152,6 May 2026 15:10:42.105508901,40.1625719129008,49.2083091655359
7 May 2026 09:16:11.210541638,7 May 2026 09:16:28.015876471,-32.3500976840238,-33.4009170827105
7 May 2026 16:27:57.889853404,7 May 2026 16:29:06.770683060,52.1622791762844,56.418949588264
8 May 2026 10:37:38.624855103,8 May 2026 10:39:49.570746780,-50.9553123204622,-58.9943516907177
9 May 2026 03:08:12.409302658,9 May 2026 03:08:46.915389897,33.7855646025885,35.9541236685995
10 May 2026 04:28:13.942523379,10 May 2026 04:32:17.903244100,47.1635682957042,62.2087845648987
10 May 2026 20:59:44.907163396,10 May 2026 21:00:14.383424416,-33.320691719218,-35.1635424120788
10 May 2026 21:00:21.094176338,10 May 2026 21:03:55.494281046,-35.5828621567945,-48.9215656058579
11 May 2026 22:21:06.204648098,11 May 2026 22:23:48.085618842,-51.5760312823346,-61.4932020782025
12 May 2026 14:51:05.479767451,12 May 2026 14:51:55.335749404,32.292277544481,35.4254524106298
12 May 2026 14:52:25.473605767,12 May 2026 14:56:49.621956529,37.3169105968191,53.78023651249
13 May 2026 16:13:50.437093131,13 May 2026 16:15:07.096099514,55.8353454274413,60.5359907085542
15 May 2026 02:52:51.862870028,15 May 2026 02:52:53.217922242,33.0104374347437,33.0955948002517
15 May 2026 02:53:35.129455728,15 May 2026 02:55:34.794477214,35.7276619955704,43.2200901983758
16 May 2026 20:44:33.908369537,16 May 2026 20:48:16.444339135,-33.1817151118077,-47.0606750568331
18 May 2026 14:36:50.181401119,18 May 2026 14:41:09.042858181,35.7655846993005,51.9068208981396
NaN,NaN,NaN,NaN
NaN,NaN,NaN,NaN
NaN,NaN,NaN,NaN
NaN,NaN,NaN,NaN
NaN,NaN,NaN,NaN
NaN,NaN,NaN,NaN
NaN,NaN,NaN,NaN
NaN,NaN,NaN,NaN
NaN,NaN,NaN,NaN
NaN,NaN,NaN,NaN
NaN,NaN,NaN,NaN
NaN,NaN,NaN,NaN
NaN,NaN,NaN,NaN
NaN,NaN,NaN,NaN
NaN,NaN,NaN,NaN
NaN,NaN,NaN,NaN
NaN,NaN,NaN,NaN
NaN,NaN,NaN,NaN
NaN,NaN,NaN,NaN
NaN,NaN,NaN,NaN
NaN,NaN,NaN,NaN
NaN,NaN,NaN,NaN
NaN,NaN,NaN,NaN
NaN,NaN,NaN,NaN
NaN,NaN,NaN,NaN
NaN,NaN,NaN,NaN
NaN,NaN,NaN,NaN
NaN,NaN,NaN,NaN
NaN,NaN,NaN,NaN
NaN,NaN,NaN,NaN
NaN,NaN,NaN,NaN
NaN,NaN,NaN,NaN
NaN,NaN,NaN,NaN
NaN,NaN,NaN,NaN
NaN,NaN,NaN,NaN
NaN,NaN,NaN,NaN
NaN,NaN,NaN,NaN
NaN,NaN,NaN,NaN
NaN,NaN,NaN,NaN
NaN,NaN,NaN,NaN
NaN,NaN,NaN,NaN
NaN,NaN,NaN,NaN
NaN,NaN,NaN,NaN
NaN,NaN,NaN,NaN
NaN,NaN,NaN,NaN
NaN,NaN,NaN,NaN
NaN,NaN,NaN,NaN
NaN,NaN,NaN,NaN
NaN,NaN,NaN,NaN
NaN,NaN,NaN,NaN
NaN,NaN,NaN,NaN
NaN,NaN,NaN,NaN
NaN,NaN,NaN,NaN
NaN,NaN,NaN,NaN
NaN,NaN,NaN,NaN
NaN,NaN,NaN,NaN
NaN,NaN,NaN,NaN
NaN,NaN,NaN,NaN
NaN,NaN,NaN,NaN
NaN,NaN,NaN,NaN
NaN,NaN,NaN,NaN
NaN,NaN,NaN,NaN
NaN,NaN,NaN,NaN
NaN,NaN,NaN,NaN
NaN,NaN,NaN,NaN
NaN,NaN,NaN,NaN
NaN,NaN,NaN,NaN
NaN,NaN,NaN,NaN
NaN,NaN,NaN,NaN
NaN,NaN,NaN,NaN
NaN,NaN,NaN,NaN
NaN,NaN,NaN,NaN
NaN,NaN,NaN,NaN
NaN,NaN,NaN,NaN
NaN,NaN,NaN,NaN
NaN,NaN,NaN,NaN
NaN,NaN,NaN,NaN
NaN,NaN,NaN,NaN
NaN,NaN,NaN,NaN
NaN,NaN,NaN,NaN
NaN,NaN,NaN,NaN
NaN,NaN,NaN,NaN
NaN,NaN,NaN,NaN
NaN,NaN,NaN,NaN
NaN,NaN,NaN,NaN
NaN,NaN,NaN,NaN
NaN,NaN,NaN,NaN
NaN,NaN,NaN,NaN
NaN,NaN,NaN,NaN
NaN,NaN,NaN,NaN
NaN,NaN,NaN,NaN
NaN,NaN,NaN,NaN
NaN,NaN,NaN,NaN
NaN,NaN,NaN,NaN
NaN,NaN,NaN,NaN
NaN,NaN,NaN,NaN
NaN,NaN,NaN,NaN
NaN,NaN,NaN,NaN
NaN,NaN,NaN,NaN
NaN,NaN,NaN,NaN
NaN,NaN,NaN,NaN
NaN,NaN,NaN,NaN
NaN,NaN,NaN,NaN
NaN,NaN,NaN,NaN
NaN,NaN,NaN,NaN
NaN,NaN,NaN,NaN
NaN,NaN,NaN,NaN
NaN,NaN,NaN,NaN
NaN,NaN,NaN,NaN
NaN,NaN,NaN,NaN
NaN,NaN,NaN,NaN
NaN,NaN,NaN,NaN
NaN,NaN,NaN,NaN
NaN,NaN,NaN,NaN
NaN,NaN,NaN,NaN
NaN,NaN,NaN,NaN
NaN,NaN,NaN,NaN
7 May 2026 06:06:16.401527688,7 May 2026 06:08:50.972257155,-31.0200420385037,-40.6699712987353
13 May 2026 05:52:02.916034583,13 May 2026 05:54:56.806729724,-34.2989844039868,-45.1408845679227
15 May 2026 17:52:13.985264881,15 May 2026 17:55:30.360260231,-29.0398174635399,-41.3198441282283
17 May 2026 11:44:35.036062939,17 May 2026 11:46:46.594718636,31.8971226179814,40.1479663716717
19 May 2026 05:37:43.943527061,19 May 2026 05:40:43.940666988,-37.533998254327,-48.7425072631154
NaN,NaN,NaN,NaN
NaN,NaN,NaN,NaN
NaN,NaN,NaN,NaN
NaN,NaN,NaN,NaN
NaN,NaN,NaN,NaN
NaN,NaN,NaN,NaN
NaN,NaN,NaN,NaN
NaN,NaN,NaN,NaN
NaN,NaN,NaN,NaN
NaN,NaN,NaN,NaN
NaN,NaN,NaN,NaN
NaN,NaN,NaN,NaN
NaN,NaN,NaN,NaN
NaN,NaN,NaN,NaN
NaN,NaN,NaN,NaN
NaN,NaN,NaN,NaN
NaN,NaN,NaN,NaN
NaN,NaN,NaN,NaN
NaN,NaN,NaN,NaN
NaN,NaN,NaN,NaN
NaN,NaN,NaN,NaN
NaN,NaN,NaN,NaN
NaN,NaN,NaN,NaN
NaN,NaN,NaN,NaN
NaN,NaN,NaN,NaN
NaN,NaN,NaN,NaN
NaN,NaN,NaN,NaN
NaN,NaN,NaN,NaN
NaN,NaN,NaN,NaN
NaN,NaN,NaN,NaN
NaN,NaN,NaN,NaN
NaN,NaN,NaN,NaN
NaN,NaN,NaN,NaN
NaN,NaN,NaN,NaN
NaN,NaN,NaN,NaN
NaN,NaN,NaN,NaN
NaN,NaN,NaN,NaN
NaN,NaN,NaN,NaN
NaN,NaN,NaN,NaN
NaN,NaN,NaN,NaN
NaN,NaN,NaN,NaN
NaN,NaN,NaN,NaN
NaN,NaN,NaN,NaN
NaN,NaN,NaN,NaN
NaN,NaN,NaN,NaN
NaN,NaN,NaN,NaN
NaN,NaN,NaN,NaN
NaN,NaN,NaN,NaN
NaN,NaN,NaN,NaN
NaN,NaN,NaN,NaN
NaN,NaN,NaN,NaN
NaN,NaN,NaN,NaN
NaN,NaN,NaN,NaN
NaN,NaN,NaN,NaN
NaN,NaN,NaN,NaN
NaN,NaN,NaN,NaN
NaN,NaN,NaN,NaN
NaN,NaN,NaN,NaN
NaN,NaN,NaN,NaN
NaN,NaN,NaN,NaN
NaN,NaN,NaN,NaN
NaN,NaN,NaN,NaN
NaN,NaN,NaN,NaN
NaN,NaN,NaN,NaN
NaN,NaN,NaN,NaN
NaN,NaN,NaN,NaN
NaN,NaN,NaN,NaN
NaN,NaN,NaN,NaN
NaN,NaN,NaN,NaN
NaN,NaN,NaN,NaN
NaN,NaN,NaN,NaN
NaN,NaN,NaN,NaN
NaN,NaN,NaN,NaN
NaN,NaN,NaN,NaN
NaN,NaN,NaN,NaN
NaN,NaN,NaN,NaN
NaN,NaN,NaN,NaN
NaN,NaN,NaN,NaN
NaN,NaN,NaN,NaN
NaN,NaN,NaN,NaN
NaN,NaN,NaN,NaN
NaN,NaN,NaN,NaN
NaN,NaN,NaN,NaN
NaN,NaN,NaN,NaN
NaN,NaN,NaN,NaN
NaN,NaN,NaN,NaN
NaN,NaN,NaN,NaN
NaN,NaN,NaN,NaN
NaN,NaN,NaN,NaN
NaN,NaN,NaN,NaN
NaN,NaN,NaN,NaN
NaN,NaN,NaN,NaN
NaN,NaN,NaN,NaN
NaN,NaN,NaN,NaN
NaN,NaN,NaN,NaN
NaN,NaN,NaN,NaN
NaN,NaN,NaN,NaN
NaN,NaN,NaN,NaN
NaN,NaN,NaN,NaN
NaN,NaN,NaN,NaN
NaN,NaN,NaN,NaN
NaN,NaN,NaN,NaN
NaN,NaN,NaN,NaN
NaN,NaN,NaN,NaN
NaN,NaN,NaN,NaN
NaN,NaN,NaN,NaN
NaN,NaN,NaN,NaN
NaN,NaN,NaN,NaN
NaN,NaN,NaN,NaN
NaN,NaN,NaN,NaN
NaN,NaN,NaN,NaN
NaN,NaN,NaN,NaN
NaN,NaN,NaN,NaN
NaN,NaN,NaN,NaN
NaN,NaN,NaN,NaN
NaN,NaN,NaN,NaN
NaN,NaN,NaN,NaN
NaN,NaN,NaN,NaN
NaN,NaN,NaN,NaN
NaN,NaN,NaN,NaN
NaN,NaN,NaN,NaN
NaN,NaN,NaN,NaN
NaN,NaN,NaN,NaN
NaN,NaN,NaN,NaN
NaN,NaN,NaN,NaN
NaN,NaN,NaN,NaN
NaN,NaN,NaN,NaN
NaN,NaN,NaN,NaN
NaN,NaN,NaN,NaN
NaN,NaN,NaN,NaN
6 May 2026 02:56:40.904568272,6 May 2026 02:57:30.563731580,38.1291043100821,35.024131826366
6 May 2026 08:33:27.884041858,6 May 2026 08:36:33.828985056,-19.3930183706307,-7.63078291968913
6 May 2026 10:16:34.554498572,6 May 2026 10:18:14.135064290,12.2595865372721,18.5617426411007
6 May 2026 15:50:07.626582283,6 May 2026 15:51:19.311699224,-19.2434902956793,-23.7446123032564
7 May 2026 08:13:11.560507264,7 May 2026 08:17:26.927096024,-26.8200026945956,-10.6886994580722
7 May 2026 09:57:43.477909405,7 May 2026 10:01:55.381288870,10.2027743368153,26.1323113422606
7 May 2026 20:48:53.116891090,7 May 2026 20:49:07.555616854,-36.405026457696,-35.4994251402178
7 May 2026 21:01:49.374987239,7 May 2026 21:01:53.804068588,12.6480595483218,12.9284624464877
8 May 2026 02:24:38.172749628,8 May 2026 02:28:49.603554576,20.9549702510059,5.12631031010909
8 May 2026 04:07:00.689367678,8 May 2026 04:10:53.855420293,-7.74575558475951,-22.4103673154678
8 May 2026 09:41:19.674586702,8 May 2026 09:43:31.392031042,17.4759938950571,25.7980076995465
8 May 2026 14:59:38.435002996,8 May 2026 15:00:06.397212035,33.1226046014965,31.3710499309954
8 May 2026 15:11:42.705710443,8 May 2026 15:12:47.520291559,-12.4449758724907,-16.5224828808699
8 May 2026 20:36:42.116182161,8 May 2026 20:37:04.623578183,-13.223366461329,-11.799237606539
9 May 2026 02:04:32.355259216,9 May 2026 02:06:46.111656410,27.6958148381895,19.2925224738679
9 May 2026 03:50:34.925073097,9 May 2026 03:54:01.953687858,-14.8437620278849,-27.8461676379842
9 May 2026 20:16:14.798024031,9 May 2026 20:20:56.564254124,-21.339252923537,-3.51428330842338
9 May 2026 21:58:10.879949967,9 May 2026 22:02:25.402279479,5.83525047645572,21.9403855161057
10 May 2026 03:34:21.226915442,10 May 2026 03:35:10.669485872,-22.6988035419572,-25.8019741361214
10 May 2026 08:51:47.253635622,10 May 2026 08:51:49.293693908,-31.5100602769705,-31.3817853120357
10 May 2026 09:02:17.888690442,10 May 2026 09:04:53.462531644,8.36037026368202,18.2059283567074
10 May 2026 14:27:51.139511120,10 May 2026 14:29:47.286283731,14.9116160180921,7.59670763201703
10 May 2026 16:09:33.046009947,10 May 2026 16:11:21.529616980,-11.2423684740953,-18.0682780799343
10 May 2026 19:56:19.930462428,10 May 2026 19:58:48.991062789,-27.3833084896102,-17.9776819505336
10 May 2026 21:41:45.580090957,10 May 2026 21:45:26.987652659,13.0354720233088,27.025088613467
11 May 2026 14:07:34.749533071,11 May 2026 14:10:41.904979860,22.307967277843,10.5304488722576
11 May 2026 15:51:01.708772878,11 May 2026 15:54:29.525859444,-10.4559159281638,-23.5263620223741
11 May 2026 21:25:33.016342880,11 May 2026 21:27:16.303426088,21.037347933099,27.5549229959825
12 May 2026 02:55:22.796766579,12 May 2026 02:55:55.716590700,-13.8514327897776,-15.9231066060577
12 May 2026 08:19:19.720068042,12 May 2026 08:21:31.694255133,-15.6935493781484,-7.34304169976923
12 May 2026 10:00:18.800309304,12 May 2026 10:02:54.835556402,7.88162899802942,17.7548081358
12 May 2026 10:06:32.720719804,12 May 2026 10:06:50.094851020,31.4997352603001,32.5926161679015
12 May 2026 15:34:46.882555666,12 May 2026 15:37:26.814312388,-18.2696908583052,-28.3135471960737
12 May 2026 21:05:39.269858095,12 May 2026 21:07:50.396204100,15.0623990022513,23.3478671292693
13 May 2026 07:59:16.249137719,13 May 2026 08:02:43.974083312,-22.2720449245952,-9.14091404339814
13 May 2026 09:42:11.391247930,13 May 2026 09:45:55.849655912,8.63465198266048,22.8268454091539
13 May 2026 20:46:59.433965915,13 May 2026 20:47:58.204932539,13.7661737778275,17.4824448955474
14 May 2026 02:10:38.954187938,14 May 2026 02:14:04.520335385,16.7481638424822,3.79795627842622
14 May 2026 03:51:27.810707044,14 May 2026 03:54:56.340246753,-6.07162400452368,-19.2022633962831
14 May 2026 03:58:42.661456816,14 May 2026 03:59:13.628380101,-33.4039208029987,-35.3408909928086
14 May 2026 09:25:57.510283990,14 May 2026 09:28:46.652860859,16.5762976534863,27.2530752298299
14 May 2026 14:56:11.021233336,14 May 2026 14:58:59.947970911,-10.8726085245186,-21.5036367251141
14 May 2026 22:07:29.992505405,14 May 2026 22:08:50.645564232,29.1248757944185,34.1969193335413
15 May 2026 03:35:12.374603342,15 May 2026 03:37:53.034554189,-13.8747808246913,-23.9802355910178
15 May 2026 09:09:58.095658397,15 May 2026 09:10:44.469717281,25.4208942893162,28.3429439116086
15 May 2026 20:02:13.785894698,15 May 2026 20:05:42.053889927,-17.0284784634167,-3.8527288122959
15 May 2026 21:42:36.963045686,15 May 2026 21:46:24.171306240,4.26564047483859,18.6377966834463
15 May 2026 21:50:10.684763745,15 May 2026 21:51:27.520092896,32.9132524820255,37.7354749065236
16 May 2026 03:19:10.231361944,16 May 2026 03:20:37.746930624,-22.5131998621783,-28.0091294283247
16 May 2026 08:47:28.479946017,16 May 2026 08:50:59.687176170,9.62665566437424,22.9737315067274
16 May 2026 14:13:44.850194809,16 May 2026 14:14:28.534858794,11.0240779380773,8.27094879666635
16 May 2026 15:54:15.970830616,16 May 2026 15:55:22.622874792,-10.6896041819884,-14.888319814487
16 May 2026 15:59:33.951374085,16 May 2026 16:01:34.121722653,-30.6830495707485,-38.2023415646487
16 May 2026 21:26:22.284156124,16 May 2026 21:29:13.870658431,12.1775814962265,23.0170863386105
17 May 2026 03:00:14.175091987,17 May 2026 03:02:00.772272962,-20.2196349248695,-26.9185113728406
17 May 2026 13:53:41.534009129,17 May 2026 13:55:31.728738574,17.5585958567929,10.6177790697729
17 May 2026 15:35:37.490005549,17 May 2026 15:38:18.632120648,-9.50097479640948,-19.6500988305013
17 May 2026 15:42:28.645214472,17 May 2026 15:43:24.651437829,-35.3405307223843,-38.8409312475944
17 May 2026 21:10:22.098219102,17 May 2026 21:11:51.385506115,20.9986501537969,26.6284188407177
18 May 2026 02:41:04.920970578,18 May 2026 02:41:56.545877590,-17.1012683517377,-20.3503477606723
18 May 2026 08:05:12.423818180,18 May 2026 08:06:08.900899713,-11.6634202879191,-8.09084871656197
18 May 2026 09:45:18.290333153,18 May 2026 09:46:52.166810884,8.53586525303886,14.4723296878602
18 May 2026 09:50:58.661340258,18 May 2026 09:52:48.234872621,30.0187679953235,36.8992273405622
18 May 2026 15:19:35.335351770,18 May 2026 15:21:01.984760635,-18.1696217552055,-23.6205052742384
18 May 2026 20:50:18.654857189,18 May 2026 20:53:57.873022452,14.4593890802699,28.2885706109076
19 May 2026 04:00:26.757281274,19 May 2026 04:02:08.250610028,-28.1047296251259,-34.4674153189494
19 May 2026 07:45:21.464141524,19 May 2026 07:47:20.496882089,-17.4106305642866,-9.88646173629392
19 May 2026 09:26:47.115334852,19 May 2026 09:29:40.693969569,7.82822003750151,18.7991038480332
19 May 2026 09:33:55.415513471,19 May 2026 09:35:26.571444578,34.8358197648971,40.5454950363549
NaN,NaN,NaN,NaN
NaN,NaN,NaN,NaN
NaN,NaN,NaN,NaN
NaN,NaN,NaN,NaN
NaN,NaN,NaN,NaN
NaN,NaN,NaN,NaN
NaN,NaN,NaN,NaN
NaN,NaN,NaN,NaN
NaN,NaN,NaN,NaN
NaN,NaN,NaN,NaN
NaN,NaN,NaN,NaN
NaN,NaN,NaN,NaN
NaN,NaN,NaN,NaN
NaN,NaN,NaN,NaN
NaN,NaN,NaN,NaN
NaN,NaN,NaN,NaN
NaN,NaN,NaN,NaN
NaN,NaN,NaN,NaN
NaN,NaN,NaN,NaN
NaN,NaN,NaN,NaN
NaN,NaN,NaN,NaN
NaN,NaN,NaN,NaN
NaN,NaN,NaN,NaN
NaN,NaN,NaN,NaN
NaN,NaN,NaN,NaN
NaN,NaN,NaN,NaN
NaN,NaN,NaN,NaN
NaN,NaN,NaN,NaN
NaN,NaN,NaN,NaN
NaN,NaN,NaN,NaN
NaN,NaN,NaN,NaN
NaN,NaN,NaN,NaN
NaN,NaN,NaN,NaN
NaN,NaN,NaN,NaN
NaN,NaN,NaN,NaN
NaN,NaN,NaN,NaN
NaN,NaN,NaN,NaN
NaN,NaN,NaN,NaN
NaN,NaN,NaN,NaN
NaN,NaN,NaN,NaN
NaN,NaN,NaN,NaN
NaN,NaN,NaN,NaN
NaN,NaN,NaN,NaN
NaN,NaN,NaN,NaN
NaN,NaN,NaN,NaN
NaN,NaN,NaN,NaN
NaN,NaN,NaN,NaN
NaN,NaN,NaN,NaN
NaN,NaN,NaN,NaN
NaN,NaN,NaN,NaN
NaN,NaN,NaN,NaN
NaN,NaN,NaN,NaN
NaN,NaN,NaN,NaN
NaN,NaN,NaN,NaN
NaN,NaN,NaN,NaN
NaN,NaN,NaN,NaN
NaN,NaN,NaN,NaN
NaN,NaN,NaN,NaN
NaN,NaN,NaN,NaN
NaN,NaN,NaN,NaN
NaN,NaN,NaN,NaN
NaN,NaN,NaN,NaN
NaN,NaN,NaN,NaN
NaN,NaN,NaN,NaN
NaN,NaN,NaN,NaN
NaN,NaN,NaN,NaN
5 May 2026 22:35:43.073342320,5 May 2026 22:37:47.343960766,-49.8308275936923,-57.4717531301675
7 May 2026 16:27:57.889853404,7 May 2026 16:29:06.770683060,52.1622791762844,56.418949588264
8 May 2026 10:37:38.624855103,8 May 2026 10:39:49.570746780,-50.9553123204622,-58.9943516907177
10 May 2026 04:28:13.942523379,10 May 2026 04:32:17.903244100,47.1635682957042,62.2087845648987
11 May 2026 22:21:06.204648098,11 May 2026 22:23:48.080868842,-51.5760312823346,-61.4929139354282
12 May 2026 10:52:32.496110306,12 May 2026 10:52:45.234633110,-26.1729141479518,-26.9720681800616
13 May 2026 05:03:33.308794413,13 May 2026 05:03:38.101044844,30.2400483103926,30.5416839434007
13 May 2026 16:13:50.437093131,13 May 2026 16:15:07.096099514,55.8353454274413,60.5359907085542
14 May 2026 04:44:24.513306389,14 May 2026 04:44:30.990104646,27.1257074538218,27.5338243199434
14 May 2026 22:55:03.330834557,14 May 2026 22:55:31.938098765,-29.6543821465955,-31.4470685655898
16 May 2026 16:46:26.154073519,16 May 2026 16:47:19.301903591,28.8361019376271,32.1792061947543
17 May 2026 10:57:46.848188215,17 May 2026 10:58:13.957607399,-33.9798469331106,-35.6761326442936
18 May 2026 10:38:01.268287655,18 May 2026 10:39:05.458824644,-28.6021673980042,-32.6269988522915
19 May 2026 04:48:57.716958190,19 May 2026 04:50:03.198079122,32.4696913110721,36.5787310336007
NaN,NaN,NaN,NaN
NaN,NaN,NaN,NaN
NaN,NaN,NaN,NaN
NaN,NaN,NaN,NaN
NaN,NaN,NaN,NaN
NaN,NaN,NaN,NaN
NaN,NaN,NaN,NaN
NaN,NaN,NaN,NaN
NaN,NaN,NaN,NaN
NaN,NaN,NaN,NaN
NaN,NaN,NaN,NaN
NaN,NaN,NaN,NaN
NaN,NaN,NaN,NaN
NaN,NaN,NaN,NaN
NaN,NaN,NaN,NaN
NaN,NaN,NaN,NaN
NaN,NaN,NaN,NaN
NaN,NaN,NaN,NaN
NaN,NaN,NaN,NaN
NaN,NaN,NaN,NaN
NaN,NaN,NaN,NaN
NaN,NaN,NaN,NaN
NaN,NaN,NaN,NaN
NaN,NaN,NaN,NaN
NaN,NaN,NaN,NaN
NaN,NaN,NaN,NaN
NaN,NaN,NaN,NaN
NaN,NaN,NaN,NaN
NaN,NaN,NaN,NaN
NaN,NaN,NaN,NaN
NaN,NaN,NaN,NaN
NaN,NaN,NaN,NaN
NaN,NaN,NaN,NaN
NaN,NaN,NaN,NaN
NaN,NaN,NaN,NaN
NaN,NaN,NaN,NaN
NaN,NaN,NaN,NaN
NaN,NaN,NaN,NaN
NaN,NaN,NaN,NaN
NaN,NaN,NaN,NaN
NaN,NaN,NaN,NaN
NaN,NaN,NaN,NaN
NaN,NaN,NaN,NaN
NaN,NaN,NaN,NaN
NaN,NaN,NaN,NaN
NaN,NaN,NaN,NaN
NaN,NaN,NaN,NaN
NaN,NaN,NaN,NaN
NaN,NaN,NaN,NaN
NaN,NaN,NaN,NaN
NaN,NaN,NaN,NaN
NaN,NaN,NaN,NaN
NaN,NaN,NaN,NaN
NaN,NaN,NaN,NaN
NaN,NaN,NaN,NaN
NaN,NaN,NaN,NaN
NaN,NaN,NaN,NaN
NaN,NaN,NaN,NaN
NaN,NaN,NaN,NaN
NaN,NaN,NaN,NaN
NaN,NaN,NaN,NaN
NaN,NaN,NaN,NaN
NaN,NaN,NaN,NaN
NaN,NaN,NaN,NaN
NaN,NaN,NaN,NaN
NaN,NaN,NaN,NaN
NaN,NaN,NaN,NaN
NaN,NaN,NaN,NaN
NaN,NaN,NaN,NaN
NaN,NaN,NaN,NaN
NaN,NaN,NaN,NaN
NaN,NaN,NaN,NaN
NaN,NaN,NaN,NaN
NaN,NaN,NaN,NaN
NaN,NaN,NaN,NaN
NaN,NaN,NaN,NaN
NaN,NaN,NaN,NaN
NaN,NaN,NaN,NaN
NaN,NaN,NaN,NaN
NaN,NaN,NaN,NaN
NaN,NaN,NaN,NaN
NaN,NaN,NaN,NaN
NaN,NaN,NaN,NaN
NaN,NaN,NaN,NaN
NaN,NaN,NaN,NaN
NaN,NaN,NaN,NaN
NaN,NaN,NaN,NaN
NaN,NaN,NaN,NaN
NaN,NaN,NaN,NaN
NaN,NaN,NaN,NaN
NaN,NaN,NaN,NaN
NaN,NaN,NaN,NaN
NaN,NaN,NaN,NaN
NaN,NaN,NaN,NaN
NaN,NaN,NaN,NaN
NaN,NaN,NaN,NaN
NaN,NaN,NaN,NaN
NaN,NaN,NaN,NaN
NaN,NaN,NaN,NaN
NaN,NaN,NaN,NaN
NaN,NaN,NaN,NaN
NaN,NaN,NaN,NaN
NaN,NaN,NaN,NaN
NaN,NaN,NaN,NaN
NaN,NaN,NaN,NaN
NaN,NaN,NaN,NaN
NaN,NaN,NaN,NaN
NaN,NaN,NaN,NaN
NaN,NaN,NaN,NaN
NaN,NaN,NaN,NaN
NaN,NaN,NaN,NaN
NaN,NaN,NaN,NaN
NaN,NaN,NaN,NaN
NaN,NaN,NaN,NaN
NaN,NaN,NaN,NaN
NaN,NaN,NaN,NaN
NaN,NaN,NaN,NaN
NaN,NaN,NaN,NaN
NaN,NaN,NaN,NaN
NaN,NaN,NaN,NaN
NaN,NaN,NaN,NaN
5 May 2026 18:29:38.598547848,5 May 2026 18:32:52.196625973,15.5332807258866,27.7675283888404
5 May 2026 22:35:43.073342320,5 May 2026 22:37:47.343960766,-49.8308275936923,-57.4717531301675
6 May 2026 01:28:48.605518348,6 May 2026 01:30:10.845233841,12.1087256464766,6.92882478008637
6 May 2026 05:32:00.695472252,6 May 2026 05:33:26.457047885,11.4007480978377,16.8297103981335
6 May 2026 18:13:35.295551122,6 May 2026 18:14:45.237426608,24.0817296194251,28.4950851042282
6 May 2026 19:36:58.250819534,6 May 2026 19:37:21.429599817,-19.2015524435103,-17.7370290620173
6 May 2026 23:41:47.278741848,6 May 2026 23:43:33.795034975,-10.8006840229195,-17.5010040066253
7 May 2026 12:22:35.056826595,7 May 2026 12:25:14.543058611,-20.4575926145154,-30.4595458130475
7 May 2026 16:27:57.889853404,7 May 2026 16:29:06.770683060,52.1622791762844,56.418949588264
7 May 2026 19:20:05.592385421,7 May 2026 19:22:07.506445405,-13.7648830786831,-6.04746209314423
7 May 2026 23:24:23.415318936,7 May 2026 23:25:16.604537052,-14.231273788221,-17.5762366122688
8 May 2026 06:30:05.187281220,8 May 2026 06:33:21.812046510,11.084552048558,23.5206177771039
8 May 2026 10:37:38.624855103,8 May 2026 10:39:49.570746780,-50.9553123204622,-58.9943516907177
8 May 2026 12:06:42.743038688,8 May 2026 12:06:51.561746017,-29.625394729211,-30.177621789054
8 May 2026 13:29:16.772896709,8 May 2026 13:30:43.403131562,16.4755567117043,11.0216884944243
8 May 2026 17:32:28.469108390,8 May 2026 17:36:23.693305894,7.03396383619607,21.9185473570847
9 May 2026 06:14:00.408034689,9 May 2026 06:16:48.227215634,19.5650589563512,30.1559500606912
9 May 2026 07:37:26.191375950,9 May 2026 07:38:02.001943708,-23.5293915665505,-21.2694288116693
9 May 2026 13:12:33.395153832,9 May 2026 13:12:41.985458061,10.4832322641031,9.94216077829937
9 May 2026 17:16:05.717756751,9 May 2026 17:16:30.183925834,14.3863560148891,15.9343819677939
10 May 2026 00:23:02.513927336,10 May 2026 00:25:48.321609663,-16.0864035700663,-26.5015473767237
10 May 2026 04:28:13.942523379,10 May 2026 04:32:17.903244100,47.1635682957042,62.2087845648987
10 May 2026 05:58:13.145884596,10 May 2026 05:58:36.790493876,29.136339133474,30.6255842886182
10 May 2026 07:20:33.358825943,10 May 2026 07:22:39.341666022,-18.0910203199397,-10.1227702164848
10 May 2026 11:24:52.292221918,10 May 2026 11:28:16.262489877,-9.95112770139829,-22.7795411838153
10 May 2026 18:33:40.172449162,10 May 2026 18:33:49.053613672,18.6051140488155,19.1665135054665
11 May 2026 00:07:09.526531176,11 May 2026 00:09:07.639768509,-25.2467169020338,-32.648151976983
11 May 2026 01:29:43.908055587,11 May 2026 01:31:14.934992171,20.8547684880735,15.1280955253717
11 May 2026 05:36:08.503127785,11 May 2026 05:38:39.499689012,14.8884525106922,24.4303102051996
11 May 2026 07:03:50.367843490,11 May 2026 07:04:01.885207403,-12.014643642343,-11.2858418611339
11 May 2026 18:14:26.061600781,11 May 2026 18:17:15.354615329,15.1260766720036,25.820893004333
11 May 2026 19:37:53.553560266,11 May 2026 19:38:39.569167368,-27.838566001355,-24.9387877164648
11 May 2026 22:21:06.204648098,11 May 2026 22:23:48.085618842,-51.5760312823346,-61.4932020782025
12 May 2026 01:13:00.418697268,12 May 2026 01:15:31.886682586,14.8543340687361,5.31303119228916
12 May 2026 05:16:31.888359054,12 May 2026 05:19:32.339094846,9.98640641257327,21.3984315600016
12 May 2026 10:52:32.496110306,12 May 2026 10:52:45.234633110,-26.1729141479518,-26.9720681800616
12 May 2026 12:24:09.333804119,12 May 2026 12:26:15.400981725,-14.237532170302,-22.1655714691004
12 May 2026 17:58:38.097085107,12 May 2026 18:00:31.455715422,24.6812882290674,31.8230283508101
12 May 2026 19:21:00.466871876,12 May 2026 19:23:10.368614298,-22.4051256828181,-14.1979842897564
12 May 2026 23:25:51.886477574,12 May 2026 23:31:12.611546876,-7.65306829193957,-27.8223363454922
13 May 2026 05:03:33.308794413,13 May 2026 05:03:38.101044844,30.2400483103926,30.5416839434007
13 May 2026 12:07:36.989626482,13 May 2026 12:09:34.795835431,-20.9525345537683,-28.3488820936336
13 May 2026 13:30:10.158819205,13 May 2026 13:31:44.978496854,25.2366589110362,19.2769743508308
13 May 2026 16:13:50.437093131,13 May 2026 16:15:07.096099514,55.8353454274413,60.5359907085542
13 May 2026 19:04:17.053151313,13 May 2026 19:07:16.207170746,-16.3435241581664,-5.00772453034413
13 May 2026 23:09:03.411684161,13 May 2026 23:11:20.592714193,-13.363961993739,-21.993704135699
14 May 2026 04:44:24.513306389,14 May 2026 04:44:30.990104646,27.1257074538218,27.5338243199434
14 May 2026 06:14:51.946006997,14 May 2026 06:17:41.915424765,10.7471621725583,21.4924637841262
14 May 2026 11:52:08.531665105,14 May 2026 11:52:44.446813030,-31.669927553702,-33.9181970041924
14 May 2026 13:13:26.468119645,14 May 2026 13:15:59.475652670,19.2352171425982,9.60120006944551
14 May 2026 17:16:57.757066623,14 May 2026 17:22:31.363778422,5.61349145233117,26.698064272453
14 May 2026 22:55:03.330834557,14 May 2026 22:55:31.938098765,-29.6543821465955,-31.4470685655898
15 May 2026 05:59:04.187249841,15 May 2026 06:00:57.788574617,20.3406497065814,27.5062429647856
15 May 2026 07:21:27.017930427,15 May 2026 07:23:40.201149067,-26.6992968443084,-18.2962103332386
15 May 2026 11:30:23.645269420,15 May 2026 11:33:34.293286164,-18.7673214626947,-30.7397257668482
15 May 2026 12:56:53.028190689,15 May 2026 12:57:32.264664858,12.5710533874552,10.0990551037836
15 May 2026 17:00:45.995306424,15 May 2026 17:02:23.969820275,13.7012006754032,19.8930776216169
16 May 2026 00:08:04.740303749,16 May 2026 00:10:01.010030424,-16.7205571384151,-24.032431811348
16 May 2026 01:31:18.330624507,16 May 2026 01:32:13.133898422,26.9333777423614,23.4913796683388
16 May 2026 05:43:48.199681607,16 May 2026 05:44:04.520162951,31.9108083990501,32.9365757178837
16 May 2026 07:04:43.098074435,16 May 2026 07:07:44.078698595,-20.6593608385599,-9.2191554962003
16 May 2026 11:09:30.784398678,16 May 2026 11:14:21.476342325,-9.1081749296313,-27.3969626110676
16 May 2026 16:46:26.154073519,16 May 2026 16:47:19.301903591,28.8361019376271,32.1792061947543
16 May 2026 18:17:53.346858054,16 May 2026 18:18:07.968997426,16.251014755256,17.175004032282
16 May 2026 23:52:39.393806075,16 May 2026 23:53:10.472855338,-27.6717528742277,-29.621488542426
17 May 2026 01:13:51.585066087,17 May 2026 01:16:25.931761025,23.6211452179372,13.909460018573
17 May 2026 05:20:25.411751616,17 May 2026 05:25:27.000843389,12.7922021643379,31.8154392797972
17 May 2026 10:53:26.658961264,17 May 2026 10:54:06.996732932,-17.641884427004,-20.1802064674394
17 May 2026 10:57:46.848188215,17 May 2026 10:58:13.957607399,-33.9798469331106,-35.6761326442936
17 May 2026 17:59:31.021989242,17 May 2026 18:01:23.405922925,16.0903325872549,23.1854501783648
17 May 2026 19:23:13.388838090,17 May 2026 19:24:08.514395658,-25.9132272503316,-22.4374943522346
18 May 2026 00:57:17.852902959,18 May 2026 01:00:21.373091379,16.9610195158554,5.39624286987478
18 May 2026 05:01:11.167790845,18 May 2026 05:05:28.659092966,9.35166825493156,25.6134993819983
18 May 2026 06:24:55.838297755,18 May 2026 06:25:21.585007995,-32.4726468786522,-30.8541640992914
18 May 2026 10:38:01.268287655,18 May 2026 10:39:05.458824644,-28.6021673980042,-32.6269988522915
18 May 2026 12:08:57.034460532,18 May 2026 12:10:26.390365667,-14.0797284333689,-19.7060509076079
18 May 2026 17:44:20.056137346,18 May 2026 17:44:29.623482143,28.0068969844493,28.6090590021303
18 May 2026 19:05:08.539805161,18 May 2026 19:08:11.061280352,-24.959369643924,-13.435950758542
18 May 2026 23:10:59.996919745,18 May 2026 23:17:18.291854665,-8.79923053450225,-32.5919136389626
19 May 2026 04:48:57.716958190,19 May 2026 04:50:03.198079122,32.4696913110721,36.5787310336007
19 May 2026 11:53:12.029914256,19 May 2026 11:53:35.453507957,-23.8278499549792,-25.3000507831377
19 May 2026 13:15:02.442251570,19 May 2026 13:16:51.010812131,25.0808424262941,18.2528962056979
19 May 2026 17:24:59.574846878,19 May 2026 17:27:26.997505443,24.1960206825061,33.4704986778055
NaN,NaN,NaN,NaN
NaN,NaN,NaN,NaN
NaN,NaN,NaN,NaN
NaN,NaN,NaN,NaN
NaN,NaN,NaN,NaN
NaN,NaN,NaN,NaN
NaN,NaN,NaN,NaN
NaN,NaN,NaN,NaN
NaN,NaN,NaN,NaN
NaN,NaN,NaN,NaN
NaN,NaN,NaN,NaN
NaN,NaN,NaN,NaN
NaN,NaN,NaN,NaN
NaN,NaN,NaN,NaN
NaN,NaN,NaN,NaN
NaN,NaN,NaN,NaN
NaN,NaN,NaN,NaN
NaN,NaN,NaN,NaN
NaN,NaN,NaN,NaN
NaN,NaN,NaN,NaN
NaN,NaN,NaN,NaN
NaN,NaN,NaN,NaN
NaN,NaN,NaN,NaN
NaN,NaN,NaN,NaN
NaN,NaN,NaN,NaN
NaN,NaN,NaN,NaN
NaN,NaN,NaN,NaN
NaN,NaN,NaN,NaN
NaN,NaN,NaN,NaN
NaN,NaN,NaN,NaN
NaN,NaN,NaN,NaN
NaN,NaN,NaN,NaN
NaN,NaN,NaN,NaN
NaN,NaN,NaN,NaN
NaN,NaN,NaN,NaN
NaN,NaN,NaN,NaN
NaN,NaN,NaN,NaN
NaN,NaN,NaN,NaN
NaN,NaN,NaN,NaN
NaN,NaN,NaN,NaN
NaN,NaN,NaN,NaN
NaN,NaN,NaN,NaN
NaN,NaN,NaN,NaN
NaN,NaN,NaN,NaN
NaN,NaN,NaN,NaN
NaN,NaN,NaN,NaN
NaN,NaN,NaN,NaN
NaN,NaN,NaN,NaN
NaN,NaN,NaN,NaN
NaN,NaN,NaN,NaN
NaN,NaN,NaN,NaN
NaN,NaN,NaN,NaN
5 May 2026 19:28:03.891371046,5 May 2026 19:29:19.662897745,-56.8668566142075,-61.4827496336363
5 May 2026 22:15:31.886950264,5 May 2026 22:17:09.171241219,26.1425584347992,20.0293472572497
6 May 2026 02:28:02.929201453,6 May 2026 02:30:39.062500762,32.6122039331588,42.4132576250228
6 May 2026 03:46:11.046404961,6 May 2026 03:46:33.220925950,-30.5222862817827,-29.1271699294116
6 May 2026 03:49:19.101385271,6 May 2026 03:51:29.037926823,-18.6657010428859,-10.4479568525433
6 May 2026 08:02:13.785206733,6 May 2026 08:04:36.888608513,-41.7709419329364,-50.6414706269859
6 May 2026 13:35:18.667758272,6 May 2026 13:38:33.288339151,46.9246365740135,58.9705010269148
6 May 2026 16:22:50.804168440,6 May 2026 16:24:19.084664622,-36.4479821150184,-30.9044812440023
6 May 2026 20:37:42.480801817,6 May 2026 20:39:08.619107020,-31.4414781294643,-36.8238763377463
6 May 2026 21:55:01.674676401,6 May 2026 21:55:35.113036616,34.4160985585862,32.3223297035028
6 May 2026 21:57:51.620176619,6 May 2026 22:01:50.454144774,23.7577177703013,8.72937816266907
7 May 2026 02:10:39.104727707,7 May 2026 02:13:38.025402798,36.0518928551817,47.2512307742944
7 May 2026 07:46:13.406598128,7 May 2026 07:46:23.921039657,-50.325882335015,-50.9750434587593
7 May 2026 13:20:13.279544169,7 May 2026 13:20:55.951847780,58.8790517300643,61.487327331055
7 May 2026 14:47:29.551922464,7 May 2026 14:47:58.306794173,30.7910359124978,32.6013469818468
7 May 2026 16:07:11.301694454,7 May 2026 16:09:50.065144629,-26.444156123262,-16.4223956094485
7 May 2026 20:20:00.996880021,7 May 2026 20:22:12.883038434,-33.7499328819558,-41.9753683095794
7 May 2026 21:37:31.890282074,7 May 2026 21:38:24.918253304,31.3738434984925,28.0487801503025
7 May 2026 21:40:30.861002071,7 May 2026 21:42:20.932614834,20.1375138478543,13.211294244984
8 May 2026 01:53:49.887291459,8 May 2026 01:56:27.900487537,41.6591428004794,51.5091111233449
8 May 2026 07:28:04.835396415,8 May 2026 07:29:57.358835455,-50.9389861569673,-57.853369694654
8 May 2026 10:15:39.675253121,8 May 2026 10:15:51.042705979,31.7732719697353,31.0609658817513
8 May 2026 10:16:53.610101731,8 May 2026 10:17:44.871393259,27.1369595111805,23.9182057875964
8 May 2026 14:29:16.548895892,8 May 2026 14:31:07.420366301,31.1500523574889,38.1189413616476
8 May 2026 15:46:34.952938338,8 May 2026 15:47:22.303739303,-35.0972490702678,-32.123393723831
8 May 2026 15:49:45.827169348,8 May 2026 15:54:13.808649092,-23.0841591835963,-6.13819158011469
8 May 2026 20:02:54.097708862,8 May 2026 20:05:08.304554869,-38.2227281145156,-46.5699607742451
9 May 2026 01:36:13.918086090,9 May 2026 01:37:51.214804929,44.3329024329241,50.3934254160465
9 May 2026 08:39:04.494444470,9 May 2026 08:39:37.424187486,-30.4939369820587,-32.5548129265825
9 May 2026 09:55:26.032903243,9 May 2026 09:56:20.067971353,38.9724797941374,35.595844299018
9 May 2026 09:58:15.120251790,9 May 2026 10:02:20.711958143,28.3886866856157,12.9495392625469
9 May 2026 14:11:38.430197001,9 May 2026 14:14:07.202742525,33.7107135394536,43.0403072209793
9 May 2026 15:29:14.373284466,9 May 2026 15:30:07.737439483,-31.4350030780219,-28.0769880072495
9 May 2026 15:32:32.802827804,9 May 2026 15:33:00.064385374,-18.9259934428695,-17.2032908008204
9 May 2026 19:46:27.606424491,9 May 2026 19:47:54.752676052,-45.2042937287696,-50.601573982265
10 May 2026 01:20:17.058338323,10 May 2026 01:21:33.282458203,53.1620678386921,57.8616690264191
10 May 2026 04:07:34.469675603,10 May 2026 04:10:17.893617925,-31.0438573750759,-20.7440259260476
10 May 2026 08:21:06.505771621,10 May 2026 08:22:42.001450896,-31.7916279438799,-37.7597676453635
10 May 2026 09:37:58.234550753,10 May 2026 09:39:20.341031576,35.7940987112861,30.6534999659815
10 May 2026 09:40:56.217493374,10 May 2026 09:46:03.699052504,24.6377218557917,5.28640353973394
10 May 2026 13:54:31.404275876,10 May 2026 13:56:57.861722812,38.225475770144,47.3806294938018
10 May 2026 19:28:15.504817525,10 May 2026 19:30:30.630343107,-45.6210113156274,-53.9746059686009
10 May 2026 22:16:39.700790310,10 May 2026 22:17:16.515176717,34.075634894295,31.7704061636676
11 May 2026 02:30:33.418709188,11 May 2026 02:31:34.366992002,29.9389065032332,33.7738056780261
11 May 2026 03:47:19.161314105,11 May 2026 03:48:07.021891212,-38.3403819778791,-35.3396953073994
11 May 2026 03:50:11.427794029,11 May 2026 03:54:39.406531358,-27.5174955956131,-10.5915002491787
11 May 2026 08:03:43.303435349,11 May 2026 08:05:37.677735183,-35.2720547360537,-42.4052395541161
11 May 2026 09:20:42.740163774,11 May 2026 09:21:53.147098879,31.8328136604806,27.4182553076089
11 May 2026 13:38:01.162004236,11 May 2026 13:39:38.497372689,45.0307499938928,51.0870223321028
11 May 2026 21:58:38.086519915,11 May 2026 22:02:49.842980089,32.9970010328275,17.189347085569
12 May 2026 02:12:41.735100706,12 May 2026 02:14:34.543767018,31.6648870482049,38.7496206137136
12 May 2026 03:29:39.212020235,12 May 2026 03:31:03.823499229,-35.880640284211,-30.5651261237792
12 May 2026 03:32:59.727049279,12 May 2026 03:36:58.311112051,-23.2629711236508,-8.18073463192306
12 May 2026 07:46:54.018035571,12 May 2026 07:48:24.284819385,-40.870003794539,-46.4826730221035
12 May 2026 13:20:32.350192079,12 May 2026 13:22:05.124595286,48.1649226525456,53.9177672158743
12 May 2026 16:09:03.658341752,12 May 2026 16:10:43.966901570,-31.4384212586705,-25.1222951062146
12 May 2026 20:22:15.870010370,12 May 2026 20:23:09.809511167,-30.1233710673892,-33.5004933495311
12 May 2026 21:39:16.535884392,12 May 2026 21:40:12.254409944,36.9122045830919,33.4269612975752
12 May 2026 21:41:20.807925198,12 May 2026 21:46:55.878280174,29.1314012290669,8.05757598835248
13 May 2026 01:55:20.473558740,13 May 2026 01:57:25.445655650,35.3072474281805,43.1359363218063
13 May 2026 07:30:49.883522237,13 May 2026 07:31:00.221620103,-49.2558195982801,-49.895480841731
13 May 2026 10:18:45.301381799,13 May 2026 10:18:47.752251380,32.2240176454883,32.0704995874548
13 May 2026 14:31:53.640263558,13 May 2026 14:32:00.140330844,28.9841277225778,29.3934429361711
13 May 2026 15:50:36.299758824,13 May 2026 15:55:04.031078593,-31.9404230194666,-15.0547378539135
13 May 2026 20:04:38.084403352,13 May 2026 20:06:05.321882628,-32.7153880716634,-38.1687306422945
13 May 2026 21:21:35.189702562,13 May 2026 21:22:55.672671394,34.55223436752,29.5107386619366
13 May 2026 21:24:14.346513823,13 May 2026 21:27:33.805199657,24.573065991273,12.0248821842451
14 May 2026 01:36:25.653056635,14 May 2026 01:36:34.266384596,33.0768792744262,33.6181950151998
14 May 2026 01:38:30.050600255,14 May 2026 01:40:06.101386234,40.8790173492856,46.8750990662716
14 May 2026 04:25:53.085037221,14 May 2026 04:26:04.752059495,-43.021841942612,-42.2931610300518
14 May 2026 10:00:46.879252973,14 May 2026 10:03:17.463194939,30.9252952610945,21.4719717577772
14 May 2026 14:13:47.795467041,14 May 2026 14:15:00.354732128,29.8369811305966,34.399312718077
14 May 2026 15:31:26.859260403,14 May 2026 15:31:56.023817349,-35.0777455072535,-33.2464212104193
14 May 2026 15:33:25.738745809,14 May 2026 15:39:03.537516041,-27.6028112655154,-6.26065621150867
14 May 2026 19:47:31.871287150,14 May 2026 19:48:51.531991918,-37.2864724151587,-42.2550015740254
15 May 2026 01:22:20.631859393,15 May 2026 01:22:32.414370490,48.9851502685084,49.7169118278716
15 May 2026 08:23:28.664579158,15 May 2026 08:23:36.516729339,-28.7198475970884,-29.2122510658315
15 May 2026 09:41:50.920999377,15 May 2026 09:47:22.715639659,33.2233695766697,12.3753112388733
15 May 2026 13:56:14.158130913,15 May 2026 13:57:51.037164706,32.7214698887322,38.8004464126865
15 May 2026 15:16:24.192228415,15 May 2026 15:17:16.298703600,-22.681739185312,-19.3925890365648
15 May 2026 19:28:51.121712198,15 May 2026 19:29:09.240683561,-35.9553413827105,-37.0877684940047
15 May 2026 19:31:00.463121720,15 May 2026 19:31:26.683352438,-44.0224430671937,-45.6524223618388
15 May 2026 22:16:51.476549695,15 May 2026 22:19:00.438933056,45.2746930032098,37.2362325300532
16 May 2026 03:52:38.572024807,16 May 2026 03:55:27.350399902,-30.1863568890716,-19.5467339199823
16 May 2026 08:05:36.540473316,16 May 2026 08:06:31.517266783,-30.4362173436518,-33.8797949910026
16 May 2026 09:23:41.138719119,16 May 2026 09:23:54.869006156,32.621475579776,31.7613840253286
16 May 2026 09:24:39.026848857,16 May 2026 09:31:11.640637883,28.9931433922848,4.28620201117005
16 May 2026 13:36:52.418207654,16 May 2026 13:37:47.855431346,28.8134506152989,32.3005602345462
16 May 2026 13:39:08.768925234,16 May 2026 13:40:31.048074821,37.3794600321102,42.5283484169808
16 May 2026 16:26:14.090552417,16 May 2026 16:26:23.528869581,-47.5847778063112,-46.9975883177671
16 May 2026 22:03:35.620172816,16 May 2026 22:03:43.182249483,26.2952696812015,25.820426221038
17 May 2026 02:14:55.872801560,17 May 2026 02:15:24.891121323,28.1817650203297,30.0080797359579
17 May 2026 03:33:54.687414166,17 May 2026 03:39:26.865289766,-31.7013229308418,-10.7421568437599
17 May 2026 07:48:16.383046783,17 May 2026 07:49:16.854780826,-34.1618609579315,-37.9432127970293
17 May 2026 13:21:19.843681727,17 May 2026 13:21:24.243345139,39.3072235185361,39.5825999459433
17 May 2026 13:22:35.248817999,17 May 2026 13:22:55.850381155,44.0195846793874,45.3041280184818
17 May 2026 16:08:43.444348842,17 May 2026 16:10:06.429777790,-44.5193297219764,-39.3338059957127
17 May 2026 21:44:29.713281151,17 May 2026 21:47:48.361808518,29.2021718974015,16.7164592029894
18 May 2026 01:57:10.661821752,18 May 2026 01:58:14.965144128,30.3573938749618,34.397700277552
18 May 2026 03:16:49.987657798,18 May 2026 03:22:01.298581804,-26.9684318907792,-7.30565378916506
18 May 2026 07:29:13.136846542,18 May 2026 07:31:10.065785554,-31.4385491768131,-38.7548141000883
18 May 2026 07:31:26.492677047,18 May 2026 07:31:50.483277285,-39.780355540359,-41.2769380735454
18 May 2026 10:17:14.364408037,18 May 2026 10:19:36.068664689,49.7160123499926,40.909480286776
18 May 2026 15:55:23.044961995,18 May 2026 15:55:49.037373102,-25.7261543791924,-24.0878150137738
18 May 2026 20:06:37.532104497,18 May 2026 20:06:56.532595664,-28.3643089413278,-29.5565466659161
18 May 2026 21:26:01.836331958,18 May 2026 21:31:37.340806934,29.7144463985233,8.60656835096039
19 May 2026 01:39:53.160413594,19 May 2026 01:40:53.754593330,34.2770398417007,38.0760873606332
19 May 2026 09:57:14.446047617,19 May 2026 09:57:16.217466572,55.8935029038597,55.7847011876862
19 May 2026 09:59:48.379266897,19 May 2026 10:00:41.208496925,46.3814791178076,43.0962831135926
19 May 2026 15:36:28.027162176,19 May 2026 15:39:49.144763626,-27.9262704365273,-15.2385084194316
NaN,NaN,NaN,NaN
NaN,NaN,NaN,NaN
NaN,NaN,NaN,NaN
NaN,NaN,NaN,NaN
NaN,NaN,NaN,NaN
NaN,NaN,NaN,NaN
NaN,NaN,NaN,NaN
NaN,NaN,NaN,NaN
NaN,NaN,NaN,NaN
NaN,NaN,NaN,NaN
NaN,NaN,NaN,NaN
NaN,NaN,NaN,NaN
NaN,NaN,NaN,NaN
NaN,NaN,NaN,NaN
NaN,NaN,NaN,NaN
NaN,NaN,NaN,NaN
NaN,NaN,NaN,NaN
NaN,NaN,NaN,NaN
NaN,NaN,NaN,NaN
NaN,NaN,NaN,NaN
NaN,NaN,NaN,NaN
NaN,NaN,NaN,NaN
NaN,NaN,NaN,NaN
NaN,NaN,NaN,NaN
NaN,NaN,NaN,NaN
18 May 2026 04:44:31.419340857,18 May 2026 04:47:25.768827113,-53.5462049083923,-42.7112327461324
18 May 2026 06:24:55.838297755,18 May 2026 06:25:21.585007995,-32.4726468786522,-30.8541640992914
NaN,NaN,NaN,NaN
NaN,NaN,NaN,NaN
NaN,NaN,NaN,NaN
NaN,NaN,NaN,NaN
NaN,NaN,NaN,NaN
NaN,NaN,NaN,NaN
NaN,NaN,NaN,NaN
NaN,NaN,NaN,NaN
NaN,NaN,NaN,NaN
NaN,NaN,NaN,NaN
NaN,NaN,NaN,NaN
NaN,NaN,NaN,NaN
NaN,NaN,NaN,NaN
NaN,NaN,NaN,NaN
NaN,NaN,NaN,NaN
NaN,NaN,NaN,NaN
NaN,NaN,NaN,NaN
NaN,NaN,NaN,NaN
NaN,NaN,NaN,NaN
NaN,NaN,NaN,NaN
NaN,NaN,NaN,NaN
NaN,NaN,NaN,NaN
NaN,NaN,NaN,NaN
NaN,NaN,NaN,NaN
NaN,NaN,NaN,NaN
NaN,NaN,NaN,NaN
NaN,NaN,NaN,NaN
NaN,NaN,NaN,NaN
NaN,NaN,NaN,NaN
NaN,NaN,NaN,NaN
NaN,NaN,NaN,NaN
NaN,NaN,NaN,NaN
NaN,NaN,NaN,NaN
NaN,NaN,NaN,NaN
NaN,NaN,NaN,NaN
NaN,NaN,NaN,NaN
NaN,NaN,NaN,NaN
NaN,NaN,NaN,NaN
NaN,NaN,NaN,NaN
NaN,NaN,NaN,NaN
NaN,NaN,NaN,NaN
NaN,NaN,NaN,NaN
NaN,NaN,NaN,NaN
NaN,NaN,NaN,NaN
NaN,NaN,NaN,NaN
NaN,NaN,NaN,NaN
NaN,NaN,NaN,NaN
NaN,NaN,NaN,NaN
NaN,NaN,NaN,NaN
NaN,NaN,NaN,NaN
NaN,NaN,NaN,NaN
NaN,NaN,NaN,NaN
NaN,NaN,NaN,NaN
NaN,NaN,NaN,NaN
NaN,NaN,NaN,NaN
NaN,NaN,NaN,NaN
NaN,NaN,NaN,NaN
NaN,NaN,NaN,NaN
NaN,NaN,NaN,NaN
NaN,NaN,NaN,NaN
NaN,NaN,NaN,NaN
NaN,NaN,NaN,NaN
NaN,NaN,NaN,NaN
NaN,NaN,NaN,NaN
NaN,NaN,NaN,NaN
NaN,NaN,NaN,NaN
NaN,NaN,NaN,NaN
NaN,NaN,NaN,NaN
NaN,NaN,NaN,NaN
NaN,NaN,NaN,NaN
NaN,NaN,NaN,NaN
NaN,NaN,NaN,NaN
NaN,NaN,NaN,NaN
NaN,NaN,NaN,NaN
NaN,NaN,NaN,NaN
NaN,NaN,NaN,NaN
NaN,NaN,NaN,NaN
NaN,NaN,NaN,NaN
NaN,NaN,NaN,NaN
NaN,NaN,NaN,NaN
NaN,NaN,NaN,NaN
NaN,NaN,NaN,NaN
NaN,NaN,NaN,NaN
NaN,NaN,NaN,NaN
NaN,NaN,NaN,NaN
NaN,NaN,NaN,NaN
NaN,NaN,NaN,NaN
NaN,NaN,NaN,NaN
NaN,NaN,NaN,NaN
NaN,NaN,NaN,NaN
NaN,NaN,NaN,NaN
NaN,NaN,NaN,NaN
NaN,NaN,NaN,NaN
NaN,NaN,NaN,NaN
NaN,NaN,NaN,NaN
NaN,NaN,NaN,NaN
NaN,NaN,NaN,NaN
NaN,NaN,NaN,NaN
NaN,NaN,NaN,NaN
NaN,NaN,NaN,NaN
NaN,NaN,NaN,NaN
NaN,NaN,NaN,NaN
NaN,NaN,NaN,NaN
NaN,NaN,NaN,NaN
NaN,NaN,NaN,NaN
NaN,NaN,NaN,NaN
NaN,NaN,NaN,NaN
NaN,NaN,NaN,NaN
NaN,NaN,NaN,NaN
NaN,NaN,NaN,NaN
NaN,NaN,NaN,NaN
NaN,NaN,NaN,NaN
NaN,NaN,NaN,NaN
NaN,NaN,NaN,NaN
NaN,NaN,NaN,NaN
NaN,NaN,NaN,NaN
NaN,NaN,NaN,NaN
NaN,NaN,NaN,NaN
NaN,NaN,NaN,NaN
NaN,NaN,NaN,NaN
NaN,NaN,NaN,NaN
NaN,NaN,NaN,NaN
NaN,NaN,NaN,NaN
NaN,NaN,NaN,NaN
NaN,NaN,NaN,NaN
NaN,NaN,NaN,NaN
NaN,NaN,NaN,NaN
NaN,NaN,NaN,NaN
NaN,NaN,NaN,NaN
NaN,NaN,NaN,NaN
NaN,NaN,NaN,NaN
NaN,NaN,NaN,NaN
NaN,NaN,NaN,NaN
6 May 2026 10:16:34.554498572,6 May 2026 10:18:14.135064290,12.2595865372721,18.5617426411007
6 May 2026 15:50:07.626582283,6 May 2026 15:51:19.311699224,-19.2434902956793,-23.7446123032564
7 May 2026 09:57:43.477909405,7 May 2026 10:01:55.381288870,10.2027743368153,26.1323113422606
8 May 2026 04:07:00.689367678,8 May 2026 04:10:53.855420293,-7.74575558475951,-22.4103673154678
8 May 2026 05:32:44.473511353,8 May 2026 05:32:52.282865923,26.4357392415218,25.9454760098261
8 May 2026 09:41:19.674586702,8 May 2026 09:43:31.392031042,17.4759938950571,25.7980076995465
9 May 2026 03:50:34.925073097,9 May 2026 03:54:01.953687858,-14.8437620278849,-27.8461676379842
9 May 2026 21:58:10.879949967,9 May 2026 22:02:25.402279479,5.83525047645572,21.9403855161057
9 May 2026 23:23:53.320937265,9 May 2026 23:24:19.675629809,-28.5865394505273,-26.9266609742407
10 May 2026 03:34:21.226915442,10 May 2026 03:35:10.669485872,-22.6988035419572,-25.8019741361214
10 May 2026 16:09:33.046009947,10 May 2026 16:11:21.529616980,-11.2423684740953,-18.0682780799343
10 May 2026 17:33:06.865374036,10 May 2026 17:33:16.374870251,31.1066430899334,30.5106529866145
10 May 2026 21:41:45.580090957,10 May 2026 21:45:26.987652659,13.0354720233088,27.025088613467
11 May 2026 15:51:01.708772878,11 May 2026 15:54:29.525859444,-10.4559159281638,-23.5263620223741
11 May 2026 21:25:33.016342880,11 May 2026 21:27:16.303426088,21.037347933099,27.5549229959825
12 May 2026 10:00:18.800309304,12 May 2026 10:02:54.835556402,7.88162899802942,17.7548081358
12 May 2026 10:06:32.720719804,12 May 2026 10:06:50.094851020,31.4997352603001,32.5926161679015
12 May 2026 11:24:17.392754498,12 May 2026 11:25:53.799370949,-33.0804964368592,-27.0147225892083
12 May 2026 15:34:46.882555666,12 May 2026 15:37:26.814312388,-18.2696908583052,-28.3135471960737
12 May 2026 21:09:35.199449516,12 May 2026 21:10:40.441311802,29.9546181392737,34.0582375999306
13 May 2026 05:33:28.760361562,13 May 2026 05:33:37.404108008,35.7510151958596,35.2104191064676
13 May 2026 09:42:11.391247930,13 May 2026 09:45:55.849655912,8.63465198266048,22.8268454091539
14 May 2026 03:51:27.810707044,14 May 2026 03:54:56.340246753,-6.07162400452368,-19.2022633962831
14 May 2026 03:58:42.661456816,14 May 2026 03:59:13.628380101,-33.4039208029987,-35.3408909928086
14 May 2026 05:16:12.684829901,14 May 2026 05:18:01.581120678,31.8045508055059,24.9733934246457
14 May 2026 09:25:57.510283990,14 May 2026 09:28:46.652860859,16.5762976534863,27.2530752298299
14 May 2026 22:07:29.992505405,14 May 2026 22:08:50.645564232,29.1248757944185,34.1969193335413
14 May 2026 23:25:11.874410600,14 May 2026 23:26:18.930887735,-35.6084460684151,-31.396418141159
15 May 2026 03:35:12.374603342,15 May 2026 03:37:53.034554189,-13.8747808246913,-23.9802355910178
15 May 2026 09:09:58.095658397,15 May 2026 09:10:44.469717281,25.4208942893162,28.3429439116086
15 May 2026 09:10:54.625030669,15 May 2026 09:11:24.890577136,28.9823866469577,30.8870667584833
15 May 2026 21:42:36.963045686,15 May 2026 21:46:24.171306240,4.26564047483859,18.6377966834463
15 May 2026 21:50:10.684763745,15 May 2026 21:51:27.520092896,32.9132524820255,37.7354749065236
16 May 2026 03:19:10.231361944,16 May 2026 03:20:37.746930624,-22.5131998621783,-28.0091294283247
16 May 2026 15:54:15.970830616,16 May 2026 15:55:22.622874792,-10.6896041819884,-14.888319814487
16 May 2026 15:59:33.951374085,16 May 2026 16:01:34.121722653,-30.6830495707485,-38.2023415646487
16 May 2026 17:17:32.112843228,16 May 2026 17:18:22.482083627,32.7802844329412,29.6236854407174
16 May 2026 21:26:22.284156124,16 May 2026 21:29:13.870658431,12.1775814962265,23.0170863386105
17 May 2026 15:35:37.490005549,17 May 2026 15:38:18.632120648,-9.50097479640948,-19.6500988305013
17 May 2026 15:42:28.645214472,17 May 2026 15:43:24.651437829,-35.3405307223843,-38.8409312475944
17 May 2026 21:10:22.098219102,17 May 2026 21:11:51.385506115,20.9986501537969,26.6284188407177
18 May 2026 09:45:18.290333153,18 May 2026 09:46:52.166810884,8.53586525303886,14.4723296878602
18 May 2026 09:50:58.661340258,18 May 2026 09:52:48.234872621,30.0187679953235,36.8992273405622
18 May 2026 15:19:35.335351770,18 May 2026 15:21:01.984760635,-18.1696217552055,-23.6205052742384
19 May 2026 04:00:26.757281274,19 May 2026 04:02:08.250610028,-28.1047296251259,-34.4674153189494
19 May 2026 09:26:47.115334852,19 May 2026 09:29:40.693969569,7.82822003750151,18.7991038480332
19 May 2026 09:33:55.415513471,19 May 2026 09:35:26.571444578,34.8358197648971,40.5454950363549
NaN,NaN,NaN,NaN
NaN,NaN,NaN,NaN
NaN,NaN,NaN,NaN
NaN,NaN,NaN,NaN
NaN,NaN,NaN,NaN
NaN,NaN,NaN,NaN
NaN,NaN,NaN,NaN
NaN,NaN,NaN,NaN
NaN,NaN,NaN,NaN
NaN,NaN,NaN,NaN
NaN,NaN,NaN,NaN
NaN,NaN,NaN,NaN
NaN,NaN,NaN,NaN
NaN,NaN,NaN,NaN
NaN,NaN,NaN,NaN
NaN,NaN,NaN,NaN
NaN,NaN,NaN,NaN
NaN,NaN,NaN,NaN
NaN,NaN,NaN,NaN
NaN,NaN,NaN,NaN
NaN,NaN,NaN,NaN
NaN,NaN,NaN,NaN
NaN,NaN,NaN,NaN
NaN,NaN,NaN,NaN
NaN,NaN,NaN,NaN
NaN,NaN,NaN,NaN
NaN,NaN,NaN,NaN
NaN,NaN,NaN,NaN
NaN,NaN,NaN,NaN
NaN,NaN,NaN,NaN
NaN,NaN,NaN,NaN
NaN,NaN,NaN,NaN
NaN,NaN,NaN,NaN
NaN,NaN,NaN,NaN
NaN,NaN,NaN,NaN
NaN,NaN,NaN,NaN
NaN,NaN,NaN,NaN
NaN,NaN,NaN,NaN
NaN,NaN,NaN,NaN
NaN,NaN,NaN,NaN
NaN,NaN,NaN,NaN
NaN,NaN,NaN,NaN
NaN,NaN,NaN,NaN
NaN,NaN,NaN,NaN
NaN,NaN,NaN,NaN
NaN,NaN,NaN,NaN
NaN,NaN,NaN,NaN
NaN,NaN,NaN,NaN
NaN,NaN,NaN,NaN
NaN,NaN,NaN,NaN
NaN,NaN,NaN,NaN
NaN,NaN,NaN,NaN
NaN,NaN,NaN,NaN
NaN,NaN,NaN,NaN
NaN,NaN,NaN,NaN
NaN,NaN,NaN,NaN
NaN,NaN,NaN,NaN
NaN,NaN,NaN,NaN
NaN,NaN,NaN,NaN
NaN,NaN,NaN,NaN
NaN,NaN,NaN,NaN
NaN,NaN,NaN,NaN
NaN,NaN,NaN,NaN
NaN,NaN,NaN,NaN
NaN,NaN,NaN,NaN
NaN,NaN,NaN,NaN
NaN,NaN,NaN,NaN
NaN,NaN,NaN,NaN
NaN,NaN,NaN,NaN
NaN,NaN,NaN,NaN
NaN,NaN,NaN,NaN
NaN,NaN,NaN,NaN
NaN,NaN,NaN,NaN
NaN,NaN,NaN,NaN
NaN,NaN,NaN,NaN
NaN,NaN,NaN,NaN
NaN,NaN,NaN,NaN
NaN,NaN,NaN,NaN
NaN,NaN,NaN,NaN
NaN,NaN,NaN,NaN
NaN,NaN,NaN,NaN
NaN,NaN,NaN,NaN
NaN,NaN,NaN,NaN
NaN,NaN,NaN,NaN
NaN,NaN,NaN,NaN
NaN,NaN,NaN,NaN
NaN,NaN,NaN,NaN
NaN,NaN,NaN,NaN
5 May 2026 20:57:46.104675417,5 May 2026 20:59:19.377590510,-38.0218184595203,-43.8266557875113
6 May 2026 02:28:02.929201453,6 May 2026 02:30:39.062500762,32.6122039331588,42.4132576250228
6 May 2026 08:02:13.785206733,6 May 2026 08:04:36.888608513,-41.7709419329364,-50.6414706269859
6 May 2026 13:38:39.241875206,6 May 2026 13:40:23.441376667,59.3353392692446,65.6629658987183
6 May 2026 15:06:44.471273172,6 May 2026 15:07:09.835919118,34.3362833744837,35.9306712718251
6 May 2026 15:08:17.271389152,6 May 2026 15:10:42.105508901,40.1625719129008,49.2083091655359
6 May 2026 20:37:42.480801817,6 May 2026 20:39:08.619107020,-31.4414781294643,-36.8238763377463
6 May 2026 20:41:18.157091389,6 May 2026 20:42:27.824644932,-44.8868392480058,-49.2030069509062
7 May 2026 02:10:39.104727707,7 May 2026 02:13:38.025402798,36.0518928551817,47.2512307742944
7 May 2026 07:47:22.536538321,7 May 2026 07:47:33.090970082,-54.5847018346375,-55.2328036112156
7 May 2026 14:47:29.551922464,7 May 2026 14:47:58.306794173,30.7910359124978,32.6013469818468
7 May 2026 14:50:20.339875360,7 May 2026 14:51:25.925996336,41.517981592503,45.6177540935118
7 May 2026 20:20:00.996880021,7 May 2026 20:22:12.883038434,-33.7499328819558,-41.9753683095794
8 May 2026 01:53:49.887291459,8 May 2026 01:56:27.900487537,41.6591428004794,51.5091111233449
8 May 2026 08:58:42.622357185,8 May 2026 08:59:47.454638935,-35.4677322195659,-39.512549775338
8 May 2026 14:29:16.548895892,8 May 2026 14:31:07.420366301,31.1500523574889,38.1189413616476
8 May 2026 20:02:54.097708862,8 May 2026 20:05:08.304554869,-38.2227281145156,-46.5699607742451
9 May 2026 01:39:07.743289693,9 May 2026 01:40:35.875884058,55.1316453763591,60.5436625076937
9 May 2026 08:39:04.494444470,9 May 2026 08:39:37.424187486,-30.4939369820587,-32.5548129265825
9 May 2026 08:41:50.120199857,9 May 2026 08:42:57.006723505,-40.8380171821881,-44.9972594848485
9 May 2026 14:11:38.430197001,9 May 2026 14:14:07.202742525,33.7107135394536,43.0403072209793
9 May 2026 19:46:27.606424491,9 May 2026 19:47:54.757426052,-45.2042937287696,-50.6018673864478
10 May 2026 02:51:03.823376346,10 May 2026 02:51:56.429591129,38.1993142189671,41.4952156725603
10 May 2026 08:21:06.505771621,10 May 2026 08:22:42.001450896,-31.7916279438799,-37.7597676453635
10 May 2026 08:25:48.541119039,10 May 2026 08:25:57.575829943,-49.3538080648537,-49.9124993634273
10 May 2026 13:54:31.404275876,10 May 2026 13:56:57.861722812,38.225475770144,47.3806294938018
10 May 2026 19:31:17.033746490,10 May 2026 19:33:16.127391302,-56.8235483649698,-64.0617395358389
10 May 2026 21:00:21.094176338,10 May 2026 21:03:55.494281046,-35.5828621567945,-48.9215656058579
11 May 2026 02:30:33.418709188,11 May 2026 02:31:34.366992002,29.9389065032332,33.7738056780261
11 May 2026 02:34:35.740315771,11 May 2026 02:34:57.171424814,45.1367126117427,46.4731824088607
11 May 2026 08:03:43.303435349,11 May 2026 08:05:37.677735183,-35.2720547360537,-42.4052395541161
11 May 2026 13:38:01.162004236,11 May 2026 13:39:38.497372689,45.0307499938928,51.0870223321028
11 May 2026 20:42:34.453402939,11 May 2026 20:43:24.536723553,-37.5992812590024,-40.7226490023885
12 May 2026 02:12:41.735100706,12 May 2026 02:14:34.543767018,31.6648870482049,38.7496206137136
12 May 2026 07:46:54.018035571,12 May 2026 07:48:24.289569385,-40.870003794539,-46.4829677260529
12 May 2026 13:22:36.195622882,12 May 2026 13:24:49.099666443,55.8347119774002,63.9522044410765
12 May 2026 14:51:05.479767451,12 May 2026 14:51:55.335749404,32.292277544481,35.4254524106298
12 May 2026 14:52:25.473605767,12 May 2026 14:56:49.621956529,37.3169105968191,53.78023651249
12 May 2026 20:22:15.870010370,12 May 2026 20:23:09.809511167,-30.1233710673892,-33.5004933495311
12 May 2026 20:26:02.013921791,12 May 2026 20:26:25.766774014,-44.2421284993164,-45.7177822943602
13 May 2026 01:55:20.473558740,13 May 2026 01:57:25.445655650,35.3072474281805,43.1359363218063
13 May 2026 07:30:49.883522237,13 May 2026 07:31:00.221620103,-49.2558195982801,-49.895480841731
13 May 2026 14:31:53.640263558,13 May 2026 14:32:00.140330844,28.9841277225778,29.3934429361711
13 May 2026 14:35:05.248021647,13 May 2026 14:35:26.682791340,41.0149530263633,42.3554394465835
13 May 2026 20:04:38.084403352,13 May 2026 20:06:05.321882628,-32.7153880716634,-38.1687306422945
14 May 2026 01:38:30.050600255,14 May 2026 01:40:06.101386234,40.8790173492856,46.8750990662716
14 May 2026 08:43:25.952421340,14 May 2026 08:43:50.691364916,-34.8521250157673,-36.3986246515966
14 May 2026 14:13:47.795467041,14 May 2026 14:15:00.354732128,29.8369811305966,34.399312718077
14 May 2026 19:47:31.871287150,14 May 2026 19:48:51.536741918,-37.2864724151587,-42.2552973675579
15 May 2026 01:22:20.631859393,15 May 2026 01:22:32.414370490,48.9851502685084,49.7169118278716
15 May 2026 01:22:40.645256410,15 May 2026 01:24:20.108721305,50.2277529961252,56.3746962240872
15 May 2026 02:53:35.129455728,15 May 2026 02:55:34.794477214,35.7276619955704,43.2200901983758
15 May 2026 08:23:28.664579158,15 May 2026 08:23:36.516729339,-28.7198475970884,-29.2122510658315
15 May 2026 08:26:33.243135782,15 May 2026 08:26:52.086597085,-40.2655450826376,-41.440174422608
15 May 2026 13:56:14.158130913,15 May 2026 13:57:51.037164706,32.7214698887322,38.8004464126865
15 May 2026 19:31:00.463121720,15 May 2026 19:31:26.683352438,-44.0224430671937,-45.6524223618388
16 May 2026 02:35:45.452872990,16 May 2026 02:35:54.516070514,37.6007851514796,38.168753178004
16 May 2026 08:05:36.540473316,16 May 2026 08:06:31.517266783,-30.4362173436518,-33.8797949910026
16 May 2026 13:39:08.768925234,16 May 2026 13:40:31.048074821,37.3794600321102,42.5283484169808
16 May 2026 19:15:23.221095822,16 May 2026 19:16:29.416532825,-54.0771574360559,-58.1407972811886
16 May 2026 20:44:33.908369537,16 May 2026 20:48:16.444339135,-33.1817151118077,-47.0606750568331
17 May 2026 02:14:55.872801560,17 May 2026 02:15:24.891121323,28.1817650203297,30.0080797359579
17 May 2026 07:48:16.383046783,17 May 2026 07:49:16.859530826,-34.1618609579315,-37.9435095188613
17 May 2026 13:22:35.248817999,17 May 2026 13:22:55.850381155,44.0195846793874,45.3041280184818
17 May 2026 20:27:13.877365134,17 May 2026 20:27:16.835585857,-36.9156081120561,-37.1005146974842
18 May 2026 01:57:10.661821752,18 May 2026 01:58:14.965144128,30.3573938749618,34.397700277552
18 May 2026 07:31:26.492677047,18 May 2026 07:31:50.483277285,-39.780355540359,-41.2769380735454
18 May 2026 14:36:50.181401119,18 May 2026 14:41:09.042858181,35.7655846993005,51.9068208981396
18 May 2026 20:06:37.532104497,18 May 2026 20:06:56.532595664,-28.3643089413278,-29.5565466659161
19 May 2026 01:39:53.160413594,19 May 2026 01:40:53.754593330,34.2770398417007,38.0760873606332
NaN,NaN,NaN,NaN
NaN,NaN,NaN,NaN
NaN,NaN,NaN,NaN
NaN,NaN,NaN,NaN
NaN,NaN,NaN,NaN
NaN,NaN,NaN,NaN
NaN,NaN,NaN,NaN
NaN,NaN,NaN,NaN
NaN,NaN,NaN,NaN
NaN,NaN,NaN,NaN
NaN,NaN,NaN,NaN
NaN,NaN,NaN,NaN
NaN,NaN,NaN,NaN
NaN,NaN,NaN,NaN
NaN,NaN,NaN,NaN
NaN,NaN,NaN,NaN
NaN,NaN,NaN,NaN
NaN,NaN,NaN,NaN
NaN,NaN,NaN,NaN
NaN,NaN,NaN,NaN
NaN,NaN,NaN,NaN
NaN,NaN,NaN,NaN
NaN,NaN,NaN,NaN
NaN,NaN,NaN,NaN
NaN,NaN,NaN,NaN
NaN,NaN,NaN,NaN
NaN,NaN,NaN,NaN
NaN,NaN,NaN,NaN
NaN,NaN,NaN,NaN
NaN,NaN,NaN,NaN
NaN,NaN,NaN,NaN
NaN,NaN,NaN,NaN
NaN,NaN,NaN,NaN
NaN,NaN,NaN,NaN
NaN,NaN,NaN,NaN
NaN,NaN,NaN,NaN
NaN,NaN,NaN,NaN
NaN,NaN,NaN,NaN
NaN,NaN,NaN,NaN
NaN,NaN,NaN,NaN
NaN,NaN,NaN,NaN
NaN,NaN,NaN,NaN
NaN,NaN,NaN,NaN
NaN,NaN,NaN,NaN
NaN,NaN,NaN,NaN
NaN,NaN,NaN,NaN
NaN,NaN,NaN,NaN
NaN,NaN,NaN,NaN
NaN,NaN,NaN,NaN
NaN,NaN,NaN,NaN
NaN,NaN,NaN,NaN
NaN,NaN,NaN,NaN
NaN,NaN,NaN,NaN
NaN,NaN,NaN,NaN
NaN,NaN,NaN,NaN
NaN,NaN,NaN,NaN
NaN,NaN,NaN,NaN
NaN,NaN,NaN,NaN
NaN,NaN,NaN,NaN
NaN,NaN,NaN,NaN
NaN,NaN,NaN,NaN
NaN,NaN,NaN,NaN
NaN,NaN,NaN,NaN
NaN,NaN,NaN,NaN
NaN,NaN,NaN,NaN
12 May 2026 08:31:40.940181640,12 May 2026 08:31:42.532558597,31.18139233197,31.2815961851138
NaN,NaN,NaN,NaN
NaN,NaN,NaN,NaN
NaN,NaN,NaN,NaN
NaN,NaN,NaN,NaN
NaN,NaN,NaN,NaN
NaN,NaN,NaN,NaN
NaN,NaN,NaN,NaN
NaN,NaN,NaN,NaN
NaN,NaN,NaN,NaN
NaN,NaN,NaN,NaN
NaN,NaN,NaN,NaN
NaN,NaN,NaN,NaN
NaN,NaN,NaN,NaN
NaN,NaN,NaN,NaN
NaN,NaN,NaN,NaN
NaN,NaN,NaN,NaN
NaN,NaN,NaN,NaN
NaN,NaN,NaN,NaN
NaN,NaN,NaN,NaN
NaN,NaN,NaN,NaN
NaN,NaN,NaN,NaN
NaN,NaN,NaN,NaN
NaN,NaN,NaN,NaN
NaN,NaN,NaN,NaN
NaN,NaN,NaN,NaN
NaN,NaN,NaN,NaN
NaN,NaN,NaN,NaN
NaN,NaN,NaN,NaN
NaN,NaN,NaN,NaN
NaN,NaN,NaN,NaN
NaN,NaN,NaN,NaN
NaN,NaN,NaN,NaN
NaN,NaN,NaN,NaN
NaN,NaN,NaN,NaN
NaN,NaN,NaN,NaN
NaN,NaN,NaN,NaN
NaN,NaN,NaN,NaN
NaN,NaN,NaN,NaN
NaN,NaN,NaN,NaN
NaN,NaN,NaN,NaN
NaN,NaN,NaN,NaN
NaN,NaN,NaN,NaN
NaN,NaN,NaN,NaN
NaN,NaN,NaN,NaN
NaN,NaN,NaN,NaN
NaN,NaN,NaN,NaN
NaN,NaN,NaN,NaN
NaN,NaN,NaN,NaN
NaN,NaN,NaN,NaN
NaN,NaN,NaN,NaN
NaN,NaN,NaN,NaN
NaN,NaN,NaN,NaN
NaN,NaN,NaN,NaN
NaN,NaN,NaN,NaN
NaN,NaN,NaN,NaN
NaN,NaN,NaN,NaN
NaN,NaN,NaN,NaN
NaN,NaN,NaN,NaN
NaN,NaN,NaN,NaN
NaN,NaN,NaN,NaN
NaN,NaN,NaN,NaN
NaN,NaN,NaN,NaN
NaN,NaN,NaN,NaN
NaN,NaN,NaN,NaN
NaN,NaN,NaN,NaN
NaN,NaN,NaN,NaN
NaN,NaN,NaN,NaN
NaN,NaN,NaN,NaN
NaN,NaN,NaN,NaN
NaN,NaN,NaN,NaN
NaN,NaN,NaN,NaN
NaN,NaN,NaN,NaN
NaN,NaN,NaN,NaN
NaN,NaN,NaN,NaN
NaN,NaN,NaN,NaN
NaN,NaN,NaN,NaN
NaN,NaN,NaN,NaN
NaN,NaN,NaN,NaN
NaN,NaN,NaN,NaN
NaN,NaN,NaN,NaN
NaN,NaN,NaN,NaN
NaN,NaN,NaN,NaN
NaN,NaN,NaN,NaN
NaN,NaN,NaN,NaN
NaN,NaN,NaN,NaN
NaN,NaN,NaN,NaN
NaN,NaN,NaN,NaN
NaN,NaN,NaN,NaN
NaN,NaN,NaN,NaN
NaN,NaN,NaN,NaN
NaN,NaN,NaN,NaN
NaN,NaN,NaN,NaN
NaN,NaN,NaN,NaN
NaN,NaN,NaN,NaN
NaN,NaN,NaN,NaN
NaN,NaN,NaN,NaN
NaN,NaN,NaN,NaN
NaN,NaN,NaN,NaN
NaN,NaN,NaN,NaN
NaN,NaN,NaN,NaN
NaN,NaN,NaN,NaN
NaN,NaN,NaN,NaN
NaN,NaN,NaN,NaN
NaN,NaN,NaN,NaN
NaN,NaN,NaN,NaN
NaN,NaN,NaN,NaN
NaN,NaN,NaN,NaN
NaN,NaN,NaN,NaN
NaN,NaN,NaN,NaN
NaN,NaN,NaN,NaN
NaN,NaN,NaN,NaN
NaN,NaN,NaN,NaN
NaN,NaN,NaN,NaN
NaN,NaN,NaN,NaN
NaN,NaN,NaN,NaN
NaN,NaN,NaN,NaN
NaN,NaN,NaN,NaN
NaN,NaN,NaN,NaN
NaN,NaN,NaN,NaN
NaN,NaN,NaN,NaN
NaN,NaN,NaN,NaN
NaN,NaN,NaN,NaN
NaN,NaN,NaN,NaN
NaN,NaN,NaN,NaN
NaN,NaN,NaN,NaN
NaN,NaN,NaN,NaN
NaN,NaN,NaN,NaN
NaN,NaN,NaN,NaN
NaN,NaN,NaN,NaN
NaN,NaN,NaN,NaN
NaN,NaN,NaN,NaN
NaN,NaN,NaN,NaN
NaN,NaN,NaN,NaN
NaN,NaN,NaN,NaN
5 May 2026 20:57:46.104675417,5 May 2026 20:59:19.377590510,-38.0218184595203,-43.8266557875113
6 May 2026 15:08:17.271389152,6 May 2026 15:10:42.105508901,40.1625719129008,49.2083091655359
6 May 2026 20:41:18.157091389,6 May 2026 20:42:27.824644932,-44.8868392480058,-49.2030069509062
7 May 2026 09:16:11.210541638,7 May 2026 09:16:28.015876471,-32.3500976840238,-33.4009170827105
7 May 2026 14:50:20.339875360,7 May 2026 14:51:25.925996336,41.517981592503,45.6177540935118
8 May 2026 08:58:42.622357185,8 May 2026 08:59:47.454638935,-35.4677322195659,-39.512549775338
9 May 2026 03:08:12.409302658,9 May 2026 03:08:46.915389897,33.7855646025885,35.9541236685995
9 May 2026 08:41:50.120199857,9 May 2026 08:42:57.006723505,-40.8380171821881,-44.9972594848485
10 May 2026 02:51:03.823376346,10 May 2026 02:51:56.429591129,38.1993142189671,41.4952156725603
10 May 2026 08:25:48.541119039,10 May 2026 08:25:57.575829943,-49.3538080648537,-49.9124993634273
10 May 2026 20:59:44.907163396,10 May 2026 21:00:14.383424416,-33.320691719218,-35.1635424120788
10 May 2026 21:00:21.094176338,10 May 2026 21:03:55.494281046,-35.5828621567945,-48.9215656058579
11 May 2026 02:34:35.740315771,11 May 2026 02:34:57.171424814,45.1367126117427,46.4731824088607
11 May 2026 20:42:34.453402939,11 May 2026 20:43:24.536723553,-37.5992812590024,-40.7226490023885
12 May 2026 14:52:25.473605767,12 May 2026 14:56:49.621956529,37.3169105968191,53.78023651249
12 May 2026 20:26:02.013921791,12 May 2026 20:26:25.766774014,-44.2421284993164,-45.7177822943602
13 May 2026 14:35:05.248021647,13 May 2026 14:35:26.682791340,41.0149530263633,42.3554394465835
14 May 2026 08:43:25.952421340,14 May 2026 08:43:50.691364916,-34.8521250157673,-36.3986246515966
15 May 2026 02:52:51.862870028,15 May 2026 02:52:53.217922242,33.0104374347437,33.0955948002517
15 May 2026 02:53:35.129455728,15 May 2026 02:55:34.794477214,35.7276619955704,43.2200901983758
15 May 2026 08:26:33.243135782,15 May 2026 08:26:52.086597085,-40.2655450826376,-41.440174422608
16 May 2026 02:35:45.452872990,16 May 2026 02:35:54.516070514,37.6007851514796,38.168753178004
16 May 2026 20:44:33.908369537,16 May 2026 20:48:16.444339135,-33.1817151118077,-47.0606750568331
17 May 2026 20:27:13.877365134,17 May 2026 20:27:16.835585857,-36.9156081120561,-37.1005146974842
18 May 2026 14:36:50.181401119,18 May 2026 14:41:09.042858181,35.7655846993005,51.9068208981396
NaN,NaN,NaN,NaN
NaN,NaN,NaN,NaN
NaN,NaN,NaN,NaN
NaN,NaN,NaN,NaN
NaN,NaN,NaN,NaN
NaN,NaN,NaN,NaN
NaN,NaN,NaN,NaN
NaN,NaN,NaN,NaN
NaN,NaN,NaN,NaN
NaN,NaN,NaN,NaN
NaN,NaN,NaN,NaN
NaN,NaN,NaN,NaN
NaN,NaN,NaN,NaN
NaN,NaN,NaN,NaN
NaN,NaN,NaN,NaN
NaN,NaN,NaN,NaN
NaN,NaN,NaN,NaN
NaN,NaN,NaN,NaN
NaN,NaN,NaN,NaN
NaN,NaN,NaN,NaN
NaN,NaN,NaN,NaN
NaN,NaN,NaN,NaN
NaN,NaN,NaN,NaN
NaN,NaN,NaN,NaN
NaN,NaN,NaN,NaN
NaN,NaN,NaN,NaN
NaN,NaN,NaN,NaN
NaN,NaN,NaN,NaN
NaN,NaN,NaN,NaN
NaN,NaN,NaN,NaN
NaN,NaN,NaN,NaN
NaN,NaN,NaN,NaN
NaN,NaN,NaN,NaN
NaN,NaN,NaN,NaN
NaN,NaN,NaN,NaN
NaN,NaN,NaN,NaN
NaN,NaN,NaN,NaN
NaN,NaN,NaN,NaN
NaN,NaN,NaN,NaN
NaN,NaN,NaN,NaN
NaN,NaN,NaN,NaN
NaN,NaN,NaN,NaN
NaN,NaN,NaN,NaN
NaN,NaN,NaN,NaN
NaN,NaN,NaN,NaN
NaN,NaN,NaN,NaN
NaN,NaN,NaN,NaN
NaN,NaN,NaN,NaN
NaN,NaN,NaN,NaN
NaN,NaN,NaN,NaN
NaN,NaN,NaN,NaN
NaN,NaN,NaN,NaN
NaN,NaN,NaN,NaN
NaN,NaN,NaN,NaN
NaN,NaN,NaN,NaN
NaN,NaN,NaN,NaN
NaN,NaN,NaN,NaN
NaN,NaN,NaN,NaN
NaN,NaN,NaN,NaN
NaN,NaN,NaN,NaN
NaN,NaN,NaN,NaN
NaN,NaN,NaN,NaN
NaN,NaN,NaN,NaN
NaN,NaN,NaN,NaN
NaN,NaN,NaN,NaN
NaN,NaN,NaN,NaN
NaN,NaN,NaN,NaN
NaN,NaN,NaN,NaN
NaN,NaN,NaN,NaN
NaN,NaN,NaN,NaN
NaN,NaN,NaN,NaN
NaN,NaN,NaN,NaN
NaN,NaN,NaN,NaN
NaN,NaN,NaN,NaN
NaN,NaN,NaN,NaN
NaN,NaN,NaN,NaN
NaN,NaN,NaN,NaN
NaN,NaN,NaN,NaN
NaN,NaN,NaN,NaN
NaN,NaN,NaN,NaN
NaN,NaN,NaN,NaN
NaN,NaN,NaN,NaN
NaN,NaN,NaN,NaN
NaN,NaN,NaN,NaN
NaN,NaN,NaN,NaN
NaN,NaN,NaN,NaN
NaN,NaN,NaN,NaN
NaN,NaN,NaN,NaN
NaN,NaN,NaN,NaN
NaN,NaN,NaN,NaN
NaN,NaN,NaN,NaN
NaN,NaN,NaN,NaN
NaN,NaN,NaN,NaN
NaN,NaN,NaN,NaN
NaN,NaN,NaN,NaN
NaN,NaN,NaN,NaN
NaN,NaN,NaN,NaN
NaN,NaN,NaN,NaN
NaN,NaN,NaN,NaN
NaN,NaN,NaN,NaN
NaN,NaN,NaN,NaN
NaN,NaN,NaN,NaN
NaN,NaN,NaN,NaN
NaN,NaN,NaN,NaN
NaN,NaN,NaN,NaN
NaN,NaN,NaN,NaN
NaN,NaN,NaN,NaN
NaN,NaN,NaN,NaN
NaN,NaN,NaN,NaN
NaN,NaN,NaN,NaN
10 May 2026 16:44:47.011864638,10 May 2026 16:45:28.024301967,-34.8957879342403,-32.319811019098
14 May 2026 04:25:53.085037221,14 May 2026 04:26:04.752059495,-43.021841942612,-42.2931610300518
15 May 2026 22:16:51.476549695,15 May 2026 22:19:00.438933056,45.2746930032098,37.2362325300532
16 May 2026 16:26:14.090552417,16 May 2026 16:26:23.528869581,-47.5847778063112,-46.9975883177671
17 May 2026 16:08:43.444348842,17 May 2026 16:10:06.429777790,-44.5193297219764,-39.3338059957127
18 May 2026 04:44:31.419340857,18 May 2026 04:47:25.773577113,-53.5462049083923,-42.7109360958893
18 May 2026 10:17:14.364408037,18 May 2026 10:19:36.068664689,49.7160123499926,40.909480286776
19 May 2026 09:57:14.446047617,19 May 2026 09:57:16.217466572,55.8935029038597,55.7847011876862
19 May 2026 09:59:48.379266897,19 May 2026 10:00:41.208496925,46.3814791178076,43.0962831135926
NaN,NaN,NaN,NaN
NaN,NaN,NaN,NaN
NaN,NaN,NaN,NaN
NaN,NaN,NaN,NaN
NaN,NaN,NaN,NaN
NaN,NaN,NaN,NaN
NaN,NaN,NaN,NaN
NaN,NaN,NaN,NaN
NaN,NaN,NaN,NaN
NaN,NaN,NaN,NaN
NaN,NaN,NaN,NaN
NaN,NaN,NaN,NaN
NaN,NaN,NaN,NaN
NaN,NaN,NaN,NaN
NaN,NaN,NaN,NaN
NaN,NaN,NaN,NaN
NaN,NaN,NaN,NaN
NaN,NaN,NaN,NaN
NaN,NaN,NaN,NaN
NaN,NaN,NaN,NaN
NaN,NaN,NaN,NaN
NaN,NaN,NaN,NaN
NaN,NaN,NaN,NaN
NaN,NaN,NaN,NaN
NaN,NaN,NaN,NaN
NaN,NaN,NaN,NaN
NaN,NaN,NaN,NaN
NaN,NaN,NaN,NaN
NaN,NaN,NaN,NaN
NaN,NaN,NaN,NaN
NaN,NaN,NaN,NaN
NaN,NaN,NaN,NaN
NaN,NaN,NaN,NaN
NaN,NaN,NaN,NaN
NaN,NaN,NaN,NaN
NaN,NaN,NaN,NaN
NaN,NaN,NaN,NaN
NaN,NaN,NaN,NaN
NaN,NaN,NaN,NaN
NaN,NaN,NaN,NaN
NaN,NaN,NaN,NaN
NaN,NaN,NaN,NaN
NaN,NaN,NaN,NaN
NaN,NaN,NaN,NaN
NaN,NaN,NaN,NaN
NaN,NaN,NaN,NaN
NaN,NaN,NaN,NaN
NaN,NaN,NaN,NaN
NaN,NaN,NaN,NaN
NaN,NaN,NaN,NaN
NaN,NaN,NaN,NaN
NaN,NaN,NaN,NaN
NaN,NaN,NaN,NaN
NaN,NaN,NaN,NaN
NaN,NaN,NaN,NaN
NaN,NaN,NaN,NaN
NaN,NaN,NaN,NaN
NaN,NaN,NaN,NaN
NaN,NaN,NaN,NaN
NaN,NaN,NaN,NaN
NaN,NaN,NaN,NaN
NaN,NaN,NaN,NaN
NaN,NaN,NaN,NaN
NaN,NaN,NaN,NaN
NaN,NaN,NaN,NaN
NaN,NaN,NaN,NaN
NaN,NaN,NaN,NaN
NaN,NaN,NaN,NaN
NaN,NaN,NaN,NaN
NaN,NaN,NaN,NaN
NaN,NaN,NaN,NaN
NaN,NaN,NaN,NaN
NaN,NaN,NaN,NaN
NaN,NaN,NaN,NaN
NaN,NaN,NaN,NaN
NaN,NaN,NaN,NaN
NaN,NaN,NaN,NaN
NaN,NaN,NaN,NaN
NaN,NaN,NaN,NaN
NaN,NaN,NaN,NaN
NaN,NaN,NaN,NaN
NaN,NaN,NaN,NaN
NaN,NaN,NaN,NaN
NaN,NaN,NaN,NaN
NaN,NaN,NaN,NaN
NaN,NaN,NaN,NaN
NaN,NaN,NaN,NaN
NaN,NaN,NaN,NaN
NaN,NaN,NaN,NaN
NaN,NaN,NaN,NaN
NaN,NaN,NaN,NaN
NaN,NaN,NaN,NaN
NaN,NaN,NaN,NaN
NaN,NaN,NaN,NaN
NaN,NaN,NaN,NaN
NaN,NaN,NaN,NaN
NaN,NaN,NaN,NaN
NaN,NaN,NaN,NaN
NaN,NaN,NaN,NaN
NaN,NaN,NaN,NaN
NaN,NaN,NaN,NaN
NaN,NaN,NaN,NaN
NaN,NaN,NaN,NaN
NaN,NaN,NaN,NaN
NaN,NaN,NaN,NaN
NaN,NaN,NaN,NaN
NaN,NaN,NaN,NaN
NaN,NaN,NaN,NaN
NaN,NaN,NaN,NaN
NaN,NaN,NaN,NaN
NaN,NaN,NaN,NaN
NaN,NaN,NaN,NaN
NaN,NaN,NaN,NaN
NaN,NaN,NaN,NaN
NaN,NaN,NaN,NaN
NaN,NaN,NaN,NaN
NaN,NaN,NaN,NaN
NaN,NaN,NaN,NaN
NaN,NaN,NaN,NaN
NaN,NaN,NaN,NaN
NaN,NaN,NaN,NaN
NaN,NaN,NaN,NaN
NaN,NaN,NaN,NaN
NaN,NaN,NaN,NaN
NaN,NaN,NaN,NaN
NaN,NaN,NaN,NaN
5 May 2026 22:15:31.886950264,5 May 2026 22:17:09.171241219,26.1425584347992,20.0293472572497
6 May 2026 03:46:11.046404961,6 May 2026 03:46:33.220925950,-30.5222862817827,-29.1271699294116
6 May 2026 03:49:19.101385271,6 May 2026 03:51:29.037926823,-18.6657010428859,-10.4479568525433
6 May 2026 05:32:00.695472252,6 May 2026 05:33:26.457047885,11.4007480978377,16.8297103981335
6 May 2026 16:22:50.804168440,6 May 2026 16:24:19.084664622,-36.4479821150184,-30.9044812440023
6 May 2026 16:24:57.477497523,6 May 2026 16:26:57.496154479,-28.4887727539989,-20.9214982209023
6 May 2026 21:55:01.674676401,6 May 2026 21:55:35.113036616,34.4160985585862,32.3223297035028
6 May 2026 21:57:51.620176619,6 May 2026 22:01:50.454144774,23.7577177703013,8.72937816266907
6 May 2026 23:41:47.278741848,6 May 2026 23:43:33.795034975,-10.8006840229195,-17.5010040066253
7 May 2026 10:34:16.364011952,7 May 2026 10:36:28.647252609,30.6286356153801,22.3249392682325
7 May 2026 16:07:11.301694454,7 May 2026 16:09:50.065144629,-26.444156123262,-16.4223956094485
7 May 2026 21:37:31.890282074,7 May 2026 21:38:24.918253304,31.3738434984925,28.0487801503025
7 May 2026 21:40:30.861002071,7 May 2026 21:42:20.932614834,20.1375138478543,13.211294244984
7 May 2026 23:24:23.415318936,7 May 2026 23:25:16.604537052,-14.231273788221,-17.5762366122688
8 May 2026 10:15:39.675253121,8 May 2026 10:15:51.042705979,31.7732719697353,31.0609658817513
8 May 2026 10:16:53.610101731,8 May 2026 10:17:44.871393259,27.1369595111805,23.9182057875964
8 May 2026 15:46:34.952938338,8 May 2026 15:47:22.303739303,-35.0972490702678,-32.123393723831
8 May 2026 15:49:45.827169348,8 May 2026 15:54:13.808649092,-23.0841591835963,-6.13819158011469
8 May 2026 17:32:28.469108390,8 May 2026 17:36:23.693305894,7.03396383619607,21.9185473570847
9 May 2026 04:25:40.030238410,9 May 2026 04:30:43.792406279,-31.8854900993036,-12.7192824883398
9 May 2026 09:55:26.032903243,9 May 2026 09:56:20.067971353,38.9724797941374,35.595844299018
9 May 2026 09:58:15.120251790,9 May 2026 10:02:20.711958143,28.3886866856157,12.9495392625469
9 May 2026 15:29:14.373284466,9 May 2026 15:30:07.737439483,-31.4350030780219,-28.0769880072495
9 May 2026 15:32:32.802827804,9 May 2026 15:33:00.064385374,-18.9259934428695,-17.2032908008204
9 May 2026 17:16:05.717756751,9 May 2026 17:16:30.183925834,14.3863560148891,15.9343819677939
9 May 2026 22:36:59.267471707,9 May 2026 22:37:18.306239519,26.5008054227978,25.3054985105623
10 May 2026 04:07:34.469675603,10 May 2026 04:10:17.893617925,-31.0438573750759,-20.7440259260476
10 May 2026 09:37:58.234550753,10 May 2026 09:39:20.341031576,35.7940987112861,30.6534999659815
10 May 2026 09:40:56.217493374,10 May 2026 09:46:03.699052504,24.6377218557917,5.28640353973394
10 May 2026 11:24:52.292221918,10 May 2026 11:28:16.262489877,-9.95112770139829,-22.7795411838153
10 May 2026 22:18:17.860756711,10 May 2026 22:21:59.144453174,27.9242965765981,14.0136975798522
11 May 2026 03:47:19.161314105,11 May 2026 03:48:07.021891212,-38.3403819778791,-35.3396953073994
11 May 2026 03:50:11.427794029,11 May 2026 03:54:39.406531358,-27.5174955956131,-10.5915002491787
11 May 2026 05:36:08.503127785,11 May 2026 05:38:39.499689012,14.8884525106922,24.4303102051996
11 May 2026 09:20:42.740163774,11 May 2026 09:21:53.147098879,31.8328136604806,27.4182553076089
11 May 2026 16:28:37.938947188,11 May 2026 16:31:16.595221488,-26.7157252427512,-16.7016513861495
11 May 2026 21:58:38.086519915,11 May 2026 22:02:49.842980089,32.9970010328275,17.189347085569
12 May 2026 03:29:39.212020235,12 May 2026 03:31:03.823499229,-35.880640284211,-30.5651261237792
12 May 2026 03:32:59.727049279,12 May 2026 03:36:58.311112051,-23.2629711236508,-8.18073463192306
12 May 2026 05:16:31.888359054,12 May 2026 05:19:32.339094846,9.98640641257327,21.3984315600016
12 May 2026 10:52:32.496110306,12 May 2026 10:52:45.234633110,-26.1729141479518,-26.9720681800616
12 May 2026 16:09:03.658341752,12 May 2026 16:10:43.966901570,-31.4384212586705,-25.1222951062146
12 May 2026 21:39:16.535884392,12 May 2026 21:40:12.254409944,36.9122045830919,33.4269612975752
12 May 2026 21:41:20.807925198,12 May 2026 21:46:55.878280174,29.1314012290669,8.05757598835248
12 May 2026 23:25:51.886477574,12 May 2026 23:31:12.611546876,-7.65306829193957,-27.8223363454922
13 May 2026 05:03:33.308794413,13 May 2026 05:03:38.101044844,30.2400483103926,30.5416839434007
13 May 2026 10:20:11.908518874,13 May 2026 10:22:48.672354281,26.7934065058098,16.9397258854076
13 May 2026 15:50:36.299758824,13 May 2026 15:55:04.031078593,-31.9404230194666,-15.0547378539135
13 May 2026 21:21:35.189702562,13 May 2026 21:22:55.672671394,34.55223436752,29.5107386619366
13 May 2026 21:24:14.346513823,13 May 2026 21:27:33.805199657,24.573065991273,12.0248821842451
13 May 2026 23:09:03.411684161,13 May 2026 23:11:20.592714193,-13.363961993739,-21.993704135699
14 May 2026 04:31:38.381245695,14 May 2026 04:31:47.560683138,-21.3263969010499,-20.7469049377037
14 May 2026 04:44:24.513306389,14 May 2026 04:44:30.990104646,27.1257074538218,27.5338243199434
14 May 2026 10:00:46.879252973,14 May 2026 10:03:17.463194939,30.9252952610945,21.4719717577772
14 May 2026 15:31:26.859260403,14 May 2026 15:31:56.023817349,-35.0777455072535,-33.2464212104193
14 May 2026 15:33:25.738745809,14 May 2026 15:39:03.537516041,-27.6028112655154,-6.26065621150867
14 May 2026 17:16:57.757066623,14 May 2026 17:22:31.363778422,5.61349145233117,26.698064272453
14 May 2026 22:55:03.330834557,14 May 2026 22:55:31.938098765,-29.6543821465955,-31.4470685655898
15 May 2026 04:12:03.162384489,15 May 2026 04:15:11.019661403,-26.0988541835353,-14.2382385028496
15 May 2026 09:41:50.920999377,15 May 2026 09:47:22.715639659,33.2233695766697,12.3753112388733
15 May 2026 11:30:23.645269420,15 May 2026 11:33:34.293286164,-18.7673214626947,-30.7397257668482
15 May 2026 15:16:24.192228415,15 May 2026 15:17:16.298703600,-22.681739185312,-19.3925890365648
15 May 2026 17:00:45.995306424,15 May 2026 17:02:23.969820275,13.7012006754032,19.8930776216169
15 May 2026 22:23:09.576106338,15 May 2026 22:23:18.519734739,21.6149418878557,21.0525818200836
16 May 2026 03:52:38.572024807,16 May 2026 03:55:27.350399902,-30.1863568890716,-19.5467339199823
16 May 2026 09:23:41.138719119,16 May 2026 09:23:54.869006156,32.621475579776,31.7613840253286
16 May 2026 09:24:39.026848857,16 May 2026 09:31:11.640637883,28.9931433922848,4.28620201117005
16 May 2026 11:09:30.784398678,16 May 2026 11:14:21.476342325,-9.1081749296313,-27.3969626110676
16 May 2026 16:46:26.154073519,16 May 2026 16:47:19.301903591,28.8361019376271,32.1792061947543
16 May 2026 22:03:35.620172816,16 May 2026 22:03:43.182249483,26.2952696812015,25.820426221038
17 May 2026 03:33:54.687414166,17 May 2026 03:39:26.865289766,-31.7013229308418,-10.7421568437599
17 May 2026 05:20:25.411751616,17 May 2026 05:25:27.000843389,12.7922021643379,31.8154392797972
17 May 2026 10:53:26.658961264,17 May 2026 10:54:06.996732932,-17.641884427004,-20.1802064674394
17 May 2026 10:57:46.848188215,17 May 2026 10:58:13.957607399,-33.9798469331106,-35.6761326442936
17 May 2026 16:14:48.051236503,17 May 2026 16:16:31.738537463,-21.6247876389943,-15.0760525924731
17 May 2026 21:44:29.713281151,17 May 2026 21:47:48.361808518,29.2021718974015,16.7164592029894
18 May 2026 03:16:49.987657798,18 May 2026 03:22:01.298581804,-26.9684318907792,-7.30565378916506
18 May 2026 05:01:11.167790845,18 May 2026 05:05:28.659092966,9.35166825493156,25.6134993819983
18 May 2026 10:38:01.268287655,18 May 2026 10:39:05.458824644,-28.6021673980042,-32.6269988522915
18 May 2026 15:55:23.044961995,18 May 2026 15:55:49.037373102,-25.7261543791924,-24.0878150137738
18 May 2026 21:26:01.836331958,18 May 2026 21:31:37.340806934,29.7144463985233,8.60656835096039
18 May 2026 23:10:59.996919745,18 May 2026 23:17:18.291854665,-8.79923053450225,-32.5919136389626
19 May 2026 04:48:57.716958190,19 May 2026 04:50:03.198079122,32.4696913110721,36.5787310336007
19 May 2026 10:06:39.329772609,19 May 2026 10:07:56.628654007,20.6648293078649,15.7991363382927
19 May 2026 15:36:28.027162176,19 May 2026 15:39:49.144763626,-27.9262704365273,-15.2385084194316
19 May 2026 17:24:59.574846878,19 May 2026 17:27:26.997505443,24.1960206825061,33.4704986778055
NaN,NaN,NaN,NaN
NaN,NaN,NaN,NaN
NaN,NaN,NaN,NaN
NaN,NaN,NaN,NaN
NaN,NaN,NaN,NaN
NaN,NaN,NaN,NaN
NaN,NaN,NaN,NaN
NaN,NaN,NaN,NaN
NaN,NaN,NaN,NaN
NaN,NaN,NaN,NaN
NaN,NaN,NaN,NaN
NaN,NaN,NaN,NaN
NaN,NaN,NaN,NaN
NaN,NaN,NaN,NaN
NaN,NaN,NaN,NaN
NaN,NaN,NaN,NaN
NaN,NaN,NaN,NaN
NaN,NaN,NaN,NaN
NaN,NaN,NaN,NaN
NaN,NaN,NaN,NaN
NaN,NaN,NaN,NaN
NaN,NaN,NaN,NaN
NaN,NaN,NaN,NaN
NaN,NaN,NaN,NaN
NaN,NaN,NaN,NaN
NaN,NaN,NaN,NaN
NaN,NaN,NaN,NaN
NaN,NaN,NaN,NaN
NaN,NaN,NaN,NaN
NaN,NaN,NaN,NaN
NaN,NaN,NaN,NaN
NaN,NaN,NaN,NaN
NaN,NaN,NaN,NaN
NaN,NaN,NaN,NaN
NaN,NaN,NaN,NaN
NaN,NaN,NaN,NaN
NaN,NaN,NaN,NaN
NaN,NaN,NaN,NaN
NaN,NaN,NaN,NaN
NaN,NaN,NaN,NaN
NaN,NaN,NaN,NaN
NaN,NaN,NaN,NaN
NaN,NaN,NaN,NaN
NaN,NaN,NaN,NaN
NaN,NaN,NaN,NaN
NaN,NaN,NaN,NaN
NaN,NaN,NaN,NaN
NaN,NaN,NaN,NaN
NaN,NaN,NaN,NaN
5 May 2026 19:28:03.891371046,5 May 2026 19:29:19.662897745,-56.8668566142075,-61.4827496336363
5 May 2026 20:57:46.104675417,5 May 2026 20:59:19.377590510,-38.0218184595203,-43.8266557875113
5 May 2026 22:15:31.886950264,5 May 2026 22:17:09.171241219,26.1425584347992,20.0293472572497
6 May 2026 02:28:02.929201453,6 May 2026 02:30:39.062500762,32.6122039331588,42.4132576250228
6 May 2026 03:49:19.101385271,6 May 2026 03:51:29.037926823,-18.6657010428859,-10.4479568525433
6 May 2026 08:02:13.785206733,6 May 2026 08:04:36.888608513,-41.7709419329364,-50.6414706269859
6 May 2026 13:35:18.667758272,6 May 2026 13:38:33.288339151,46.9246365740135,58.9705010269148
6 May 2026 13:38:39.241875206,6 May 2026 13:40:23.441376667,59.3353392692446,65.6629658987183
6 May 2026 15:06:44.471273172,6 May 2026 15:07:09.835919118,34.3362833744837,35.9306712718251
6 May 2026 16:24:57.477497523,6 May 2026 16:26:57.496154479,-28.4887727539989,-20.9214982209023
6 May 2026 20:37:42.480801817,6 May 2026 20:39:08.619107020,-31.4414781294643,-36.8238763377463
6 May 2026 20:41:18.157091389,6 May 2026 20:42:27.824644932,-44.8868392480058,-49.2030069509062
6 May 2026 21:57:51.620176619,6 May 2026 22:01:50.454144774,23.7577177703013,8.72937816266907
7 May 2026 02:10:39.104727707,7 May 2026 02:13:38.025402798,36.0518928551817,47.2512307742944
7 May 2026 07:46:13.406598128,7 May 2026 07:46:23.921039657,-50.325882335015,-50.9750434587593
7 May 2026 07:47:22.536538321,7 May 2026 07:47:33.090970082,-54.5847018346375,-55.2328036112156
7 May 2026 09:16:11.210541638,7 May 2026 09:16:28.015876471,-32.3500976840238,-33.4009170827105
7 May 2026 10:34:16.364011952,7 May 2026 10:36:28.647252609,30.6286356153801,22.3249392682325
7 May 2026 13:20:13.279544169,7 May 2026 13:20:55.951847780,58.8790517300643,61.487327331055
7 May 2026 14:47:29.551922464,7 May 2026 14:47:58.306794173,30.7910359124978,32.6013469818468
7 May 2026 14:50:20.339875360,7 May 2026 14:51:25.925996336,41.517981592503,45.6177540935118
7 May 2026 16:07:11.301694454,7 May 2026 16:09:50.065144629,-26.444156123262,-16.4223956094485
7 May 2026 20:20:00.996880021,7 May 2026 20:22:12.883038434,-33.7499328819558,-41.9753683095794
7 May 2026 21:40:30.861002071,7 May 2026 21:42:20.932614834,20.1375138478543,13.211294244984
8 May 2026 01:53:49.887291459,8 May 2026 01:56:27.900487537,41.6591428004794,51.5091111233449
8 May 2026 07:28:04.835396415,8 May 2026 07:29:57.358835455,-50.9389861569673,-57.853369694654
8 May 2026 08:58:42.622357185,8 May 2026 08:59:47.454638935,-35.4677322195659,-39.512549775338
8 May 2026 10:16:53.610101731,8 May 2026 10:17:44.871393259,27.1369595111805,23.9182057875964
8 May 2026 14:29:16.548895892,8 May 2026 14:31:07.420366301,31.1500523574889,38.1189413616476
8 May 2026 15:49:45.827169348,8 May 2026 15:54:13.808649092,-23.0841591835963,-6.13819158011469
8 May 2026 20:02:54.097708862,8 May 2026 20:05:08.304554869,-38.2227281145156,-46.5699607742451
9 May 2026 01:36:13.918086090,9 May 2026 01:37:51.214804929,44.3329024329241,50.3934254160465
9 May 2026 01:39:07.743289693,9 May 2026 01:40:35.875884058,55.1316453763591,60.5436625076937
9 May 2026 03:08:12.409302658,9 May 2026 03:08:46.915389897,33.7855646025885,35.9541236685995
9 May 2026 04:25:40.030238410,9 May 2026 04:30:43.792406279,-31.8854900993036,-12.7192824883398
9 May 2026 08:39:04.494444470,9 May 2026 08:39:37.424187486,-30.4939369820587,-32.5548129265825
9 May 2026 08:41:50.120199857,9 May 2026 08:42:57.006723505,-40.8380171821881,-44.9972594848485
9 May 2026 09:58:15.120251790,9 May 2026 10:02:20.711958143,28.3886866856157,12.9495392625469
9 May 2026 14:11:38.430197001,9 May 2026 14:14:07.202742525,33.7107135394536,43.0403072209793
9 May 2026 15:32:32.802827804,9 May 2026 15:33:00.064385374,-18.9259934428695,-17.2032908008204
9 May 2026 19:46:27.606424491,9 May 2026 19:47:54.757426052,-45.2042937287696,-50.6018673864478
9 May 2026 22:36:59.267471707,9 May 2026 22:37:18.306239519,26.5008054227978,25.3054985105623
10 May 2026 01:20:17.058338323,10 May 2026 01:21:33.282458203,53.1620678386921,57.8616690264191
10 May 2026 02:51:03.823376346,10 May 2026 02:51:56.429591129,38.1993142189671,41.4952156725603
10 May 2026 04:07:34.469675603,10 May 2026 04:10:17.893617925,-31.0438573750759,-20.7440259260476
10 May 2026 08:21:06.505771621,10 May 2026 08:22:42.001450896,-31.7916279438799,-37.7597676453635
10 May 2026 08:25:48.541119039,10 May 2026 08:25:57.575829943,-49.3538080648537,-49.9124993634273
10 May 2026 09:40:56.217493374,10 May 2026 09:46:03.699052504,24.6377218557917,5.28640353973394
10 May 2026 13:54:31.404275876,10 May 2026 13:56:57.861722812,38.225475770144,47.3806294938018
10 May 2026 16:44:47.011864638,10 May 2026 16:45:28.024301967,-34.8957879342403,-32.319811019098
10 May 2026 19:28:15.504817525,10 May 2026 19:30:30.630343107,-45.6210113156274,-53.9746059686009
10 May 2026 19:31:17.033746490,10 May 2026 19:33:16.127391302,-56.8235483649698,-64.0617395358389
10 May 2026 20:59:44.907163396,10 May 2026 21:00:14.383424416,-33.320691719218,-35.1635424120788
10 May 2026 22:16:39.700790310,10 May 2026 22:17:16.515176717,34.075634894295,31.7704061636676
10 May 2026 22:18:17.860756711,10 May 2026 22:21:59.144453174,27.9242965765981,14.0136975798522
11 May 2026 02:30:33.418709188,11 May 2026 02:31:34.366992002,29.9389065032332,33.7738056780261
11 May 2026 02:34:35.740315771,11 May 2026 02:34:57.171424814,45.1367126117427,46.4731824088607
11 May 2026 03:50:11.427794029,11 May 2026 03:54:39.406531358,-27.5174955956131,-10.5915002491787
11 May 2026 08:03:43.303435349,11 May 2026 08:05:37.677735183,-35.2720547360537,-42.4052395541161
11 May 2026 13:38:01.162004236,11 May 2026 13:39:38.497372689,45.0307499938928,51.0870223321028
11 May 2026 16:28:37.938947188,11 May 2026 16:31:16.595221488,-26.7157252427512,-16.7016513861495
11 May 2026 20:42:34.453402939,11 May 2026 20:43:24.536723553,-37.5992812590024,-40.7226490023885
11 May 2026 21:58:38.086519915,11 May 2026 22:02:49.842980089,32.9970010328275,17.189347085569
12 May 2026 02:12:41.735100706,12 May 2026 02:14:34.543767018,31.6648870482049,38.7496206137136
12 May 2026 03:32:59.727049279,12 May 2026 03:36:58.311112051,-23.2629711236508,-8.18073463192306
12 May 2026 07:46:54.018035571,12 May 2026 07:48:24.289569385,-40.870003794539,-46.4829677260529
12 May 2026 13:20:32.350192079,12 May 2026 13:22:05.124595286,48.1649226525456,53.9177672158743
12 May 2026 13:22:36.195622882,12 May 2026 13:24:49.099666443,55.8347119774002,63.9522044410765
12 May 2026 14:51:05.479767451,12 May 2026 14:51:55.335749404,32.292277544481,35.4254524106298
12 May 2026 16:09:03.658341752,12 May 2026 16:10:43.966901570,-31.4384212586705,-25.1222951062146
12 May 2026 20:22:15.870010370,12 May 2026 20:23:09.809511167,-30.1233710673892,-33.5004933495311
12 May 2026 20:26:02.013921791,12 May 2026 20:26:25.766774014,-44.2421284993164,-45.7177822943602
12 May 2026 21:41:20.807925198,12 May 2026 21:46:55.878280174,29.1314012290669,8.05757598835248
13 May 2026 01:55:20.473558740,13 May 2026 01:57:25.445655650,35.3072474281805,43.1359363218063
13 May 2026 07:30:49.883522237,13 May 2026 07:31:00.221620103,-49.2558195982801,-49.895480841731
13 May 2026 10:18:45.301381799,13 May 2026 10:18:47.752251380,32.2240176454883,32.0704995874548
13 May 2026 10:20:11.908518874,13 May 2026 10:22:48.672354281,26.7934065058098,16.9397258854076
13 May 2026 14:31:53.640263558,13 May 2026 14:32:00.140330844,28.9841277225778,29.3934429361711
13 May 2026 14:35:05.248021647,13 May 2026 14:35:26.682791340,41.0149530263633,42.3554394465835
13 May 2026 15:50:36.299758824,13 May 2026 15:55:04.031078593,-31.9404230194666,-15.0547378539135
13 May 2026 20:04:38.084403352,13 May 2026 20:06:05.321882628,-32.7153880716634,-38.1687306422945
13 May 2026 21:24:14.346513823,13 May 2026 21:27:33.805199657,24.573065991273,12.0248821842451
14 May 2026 01:36:25.653056635,14 May 2026 01:36:34.266384596,33.0768792744262,33.6181950151998
14 May 2026 01:38:30.050600255,14 May 2026 01:40:06.101386234,40.8790173492856,46.8750990662716
14 May 2026 04:25:53.085037221,14 May 2026 04:26:04.752059495,-43.021841942612,-42.2931610300518
14 May 2026 04:31:38.381245695,14 May 2026 04:31:47.560683138,-21.3263969010499,-20.7469049377037
14 May 2026 08:43:25.952421340,14 May 2026 08:43:50.691364916,-34.8521250157673,-36.3986246515966
14 May 2026 10:00:46.879252973,14 May 2026 10:03:17.463194939,30.9252952610945,21.4719717577772
14 May 2026 14:13:47.795467041,14 May 2026 14:15:00.354732128,29.8369811305966,34.399312718077
14 May 2026 15:33:25.738745809,14 May 2026 15:39:03.537516041,-27.6028112655154,-6.26065621150867
14 May 2026 19:47:31.871287150,14 May 2026 19:48:51.536741918,-37.2864724151587,-42.2552973675579
15 May 2026 01:22:20.631859393,15 May 2026 01:22:32.414370490,48.9851502685084,49.7169118278716
15 May 2026 01:22:40.645256410,15 May 2026 01:24:20.108721305,50.2277529961252,56.3746962240872
15 May 2026 02:52:51.862870028,15 May 2026 02:52:53.217922242,33.0104374347437,33.0955948002517
15 May 2026 04:12:03.162384489,15 May 2026 04:15:11.019661403,-26.0988541835353,-14.2382385028496
15 May 2026 08:23:28.664579158,15 May 2026 08:23:36.516729339,-28.7198475970884,-29.2122510658315
15 May 2026 08:26:33.243135782,15 May 2026 08:26:52.086597085,-40.2655450826376,-41.440174422608
15 May 2026 09:41:50.920999377,15 May 2026 09:47:22.715639659,33.2233695766697,12.3753112388733
15 May 2026 13:56:14.158130913,15 May 2026 13:57:51.037164706,32.7214698887322,38.8004464126865
15 May 2026 15:16:24.192228415,15 May 2026 15:17:16.298703600,-22.681739185312,-19.3925890365648
15 May 2026 19:28:51.121712198,15 May 2026 19:29:09.240683561,-35.9553413827105,-37.0877684940047
15 May 2026 19:31:00.463121720,15 May 2026 19:31:26.683352438,-44.0224430671937,-45.6524223618388
15 May 2026 22:16:51.476549695,15 May 2026 22:19:00.438933056,45.2746930032098,37.2362325300532
15 May 2026 22:23:09.576106338,15 May 2026 22:23:18.519734739,21.6149418878557,21.0525818200836
16 May 2026 02:35:45.452872990,16 May 2026 02:35:54.516070514,37.6007851514796,38.168753178004
16 May 2026 03:52:38.572024807,16 May 2026 03:55:27.350399902,-30.1863568890716,-19.5467339199823
16 May 2026 08:05:36.540473316,16 May 2026 08:06:31.517266783,-30.4362173436518,-33.8797949910026
16 May 2026 09:24:39.026848857,16 May 2026 09:31:11.640637883,28.9931433922848,4.28620201117005
16 May 2026 13:36:52.418207654,16 May 2026 13:37:47.855431346,28.8134506152989,32.3005602345462
16 May 2026 13:39:08.768925234,16 May 2026 13:40:31.048074821,37.3794600321102,42.5283484169808
16 May 2026 16:26:14.090552417,16 May 2026 16:26:23.528869581,-47.5847778063112,-46.9975883177671
16 May 2026 19:15:23.221095822,16 May 2026 19:16:29.416532825,-54.0771574360559,-58.1407972811886
16 May 2026 22:03:35.620172816,16 May 2026 22:03:43.182249483,26.2952696812015,25.820426221038
17 May 2026 02:14:55.872801560,17 May 2026 02:15:24.891121323,28.1817650203297,30.0080797359579
17 May 2026 03:33:54.687414166,17 May 2026 03:39:26.865289766,-31.7013229308418,-10.7421568437599
17 May 2026 07:48:16.383046783,17 May 2026 07:49:16.859530826,-34.1618609579315,-37.9435095188613
17 May 2026 13:21:19.843681727,17 May 2026 13:21:24.243345139,39.3072235185361,39.5825999459433
17 May 2026 13:22:35.248817999,17 May 2026 13:22:55.850381155,44.0195846793874,45.3041280184818
17 May 2026 16:08:43.444348842,17 May 2026 16:10:06.429777790,-44.5193297219764,-39.3338059957127
17 May 2026 16:14:48.051236503,17 May 2026 16:16:31.738537463,-21.6247876389943,-15.0760525924731
17 May 2026 20:27:13.877365134,17 May 2026 20:27:16.835585857,-36.9156081120561,-37.1005146974842
17 May 2026 21:44:29.713281151,17 May 2026 21:47:48.361808518,29.2021718974015,16.7164592029894
18 May 2026 01:57:10.661821752,18 May 2026 01:58:14.965144128,30.3573938749618,34.397700277552
18 May 2026 03:16:49.987657798,18 May 2026 03:22:01.298581804,-26.9684318907792,-7.30565378916506
18 May 2026 04:44:31.419340857,18 May 2026 04:47:25.773577113,-53.5462049083923,-42.7109360958893
18 May 2026 07:29:13.136846542,18 May 2026 07:31:10.065785554,-31.4385491768131,-38.7548141000883
18 May 2026 07:31:26.492677047,18 May 2026 07:31:50.483277285,-39.780355540359,-41.2769380735454
18 May 2026 10:17:14.364408037,18 May 2026 10:19:36.068664689,49.7160123499926,40.909480286776
18 May 2026 15:55:23.044961995,18 May 2026 15:55:49.037373102,-25.7261543791924,-24.0878150137738
18 May 2026 20:06:37.532104497,18 May 2026 20:06:56.532595664,-28.3643089413278,-29.5565466659161
18 May 2026 21:26:01.836331958,18 May 2026 21:31:37.340806934,29.7144463985233,8.60656835096039
19 May 2026 01:39:53.160413594,19 May 2026 01:40:53.754593330,34.2770398417007,38.0760873606332
19 May 2026 09:59:48.379266897,19 May 2026 10:00:41.208496925,46.3814791178076,43.0962831135926
19 May 2026 10:06:39.329772609,19 May 2026 10:07:56.628654007,20.6648293078649,15.7991363382927
19 May 2026 15:36:28.027162176,19 May 2026 15:39:49.144763626,-27.9262704365273,-15.2385084194316
6 May 2026 01:28:48.605518348,6 May 2026 01:30:10.845233841,12.1087256464766,6.92882478008637
6 May 2026 08:33:27.884041858,6 May 2026 08:36:33.828985056,-19.3930183706307,-7.63078291968913
6 May 2026 19:36:58.250819534,6 May 2026 19:37:21.429599817,-19.2015524435103,-17.7370290620173
7 May 2026 08:13:11.560507264,7 May 2026 08:17:26.927096024,-26.8200026945956,-10.6886994580722
7 May 2026 19:20:05.592385421,7 May 2026 19:22:07.506445405,-13.7648830786831,-6.04746209314423
7 May 2026 21:01:49.374987239,7 May 2026 21:01:53.804068588,12.6480595483218,12.9284624464877
8 May 2026 02:24:38.172749628,8 May 2026 02:28:49.603554576,20.9549702510059,5.12631031010909
8 May 2026 13:29:16.772896709,8 May 2026 13:30:43.403131562,16.4755567117043,11.0216884944243
8 May 2026 15:11:42.705710443,8 May 2026 15:12:47.520291559,-12.4449758724907,-16.5224828808699
8 May 2026 20:36:42.116182161,8 May 2026 20:37:04.623578183,-13.223366461329,-11.799237606539
9 May 2026 02:04:32.355259216,9 May 2026 02:06:46.111656410,27.6958148381895,19.2925224738679
9 May 2026 07:37:26.191375950,9 May 2026 07:38:02.001943708,-23.5293915665505,-21.2694288116693
9 May 2026 13:12:33.395153832,9 May 2026 13:12:41.985458061,10.4832322641031,9.94216077829937
9 May 2026 20:16:14.798024031,9 May 2026 20:20:56.564254124,-21.339252923537,-3.51428330842338
10 May 2026 07:20:33.358825943,10 May 2026 07:22:39.341666022,-18.0910203199397,-10.1227702164848
10 May 2026 09:02:17.888690442,10 May 2026 09:04:53.462531644,8.36037026368202,18.2059283567074
10 May 2026 14:27:51.139511120,10 May 2026 14:29:47.286283731,14.9116160180921,7.59670763201703
10 May 2026 19:56:19.930462428,10 May 2026 19:58:48.991062789,-27.3833084896102,-17.9776819505336
11 May 2026 01:29:43.908055587,11 May 2026 01:31:14.934992171,20.8547684880735,15.1280955253717
11 May 2026 07:03:50.367843490,11 May 2026 07:04:01.885207403,-12.014643642343,-11.2858418611339
11 May 2026 14:07:34.749533071,11 May 2026 14:10:41.904979860,22.307967277843,10.5304488722576
11 May 2026 19:37:53.553560266,11 May 2026 19:38:39.569167368,-27.838566001355,-24.9387877164648
12 May 2026 01:13:00.418697268,12 May 2026 01:15:31.886682586,14.8543340687361,5.31303119228916
12 May 2026 02:55:22.796766579,12 May 2026 02:55:55.716590700,-13.8514327897776,-15.9231066060577
12 May 2026 08:19:19.720068042,12 May 2026 08:21:31.694255133,-15.6935493781484,-7.34304169976923
12 May 2026 08:31:40.940181640,12 May 2026 08:31:42.532558597,31.18139233197,31.2815961851138
12 May 2026 19:21:00.466871876,12 May 2026 19:23:10.368614298,-22.4051256828181,-14.1979842897564
12 May 2026 21:05:39.269858095,12 May 2026 21:07:50.396204100,15.0623990022513,23.3478671292693
12 May 2026 21:09:35.199449516,12 May 2026 21:10:40.441311802,29.9546181392737,34.0582375999306
13 May 2026 07:59:16.249137719,13 May 2026 08:02:43.974083312,-22.2720449245952,-9.14091404339814
13 May 2026 13:30:10.158819205,13 May 2026 13:31:44.978496854,25.2366589110362,19.2769743508308
13 May 2026 19:04:17.053151313,13 May 2026 19:07:16.207170746,-16.3435241581664,-5.00772453034413
13 May 2026 20:46:59.433965915,13 May 2026 20:47:58.204932539,13.7661737778275,17.4824448955474
14 May 2026 02:10:38.954187938,14 May 2026 02:14:04.520335385,16.7481638424822,3.79795627842622
14 May 2026 13:13:26.468119645,14 May 2026 13:15:59.475652670,19.2352171425982,9.60120006944551
14 May 2026 14:56:11.021233336,14 May 2026 14:58:59.947970911,-10.8726085245186,-21.5036367251141
15 May 2026 07:21:27.017930427,15 May 2026 07:23:40.201149067,-26.6992968443084,-18.2962103332386
15 May 2026 09:10:54.625030669,15 May 2026 09:11:24.890577136,28.9823866469577,30.8870667584833
15 May 2026 12:56:53.028190689,15 May 2026 12:57:32.264664858,12.5710533874552,10.0990551037836
15 May 2026 20:02:13.785894698,15 May 2026 20:05:42.053889927,-17.0284784634167,-3.8527288122959
16 May 2026 01:31:18.330624507,16 May 2026 01:32:13.133898422,26.9333777423614,23.4913796683388
16 May 2026 07:04:43.098074435,16 May 2026 07:07:44.078698595,-20.6593608385599,-9.2191554962003
16 May 2026 08:47:28.479946017,16 May 2026 08:50:59.687176170,9.62665566437424,22.9737315067274
16 May 2026 14:13:44.850194809,16 May 2026 14:14:28.534858794,11.0240779380773,8.27094879666635
17 May 2026 01:13:51.585066087,17 May 2026 01:16:25.931761025,23.6211452179372,13.909460018573
17 May 2026 03:00:14.175091987,17 May 2026 03:02:00.772272962,-20.2196349248695,-26.9185113728406
17 May 2026 13:53:41.534009129,17 May 2026 13:55:31.733488574,17.5585958567929,10.617479713982
17 May 2026 19:23:13.388838090,17 May 2026 19:24:08.514395658,-25.9132272503316,-22.4374943522346
18 May 2026 00:57:17.852902959,18 May 2026 01:00:21.373091379,16.9610195158554,5.39624286987478
18 May 2026 02:41:04.920970578,18 May 2026 02:41:56.545877590,-17.1012683517377,-20.3503477606723
18 May 2026 08:05:12.423818180,18 May 2026 08:06:08.900899713,-11.6634202879191,-8.09084871656197
18 May 2026 19:05:08.539805161,18 May 2026 19:08:11.061280352,-24.959369643924,-13.435950758542
18 May 2026 20:50:18.654857189,18 May 2026 20:53:57.873022452,14.4593890802699,28.2885706109076
19 May 2026 07:45:21.464141524,19 May 2026 07:47:20.496882089,-17.4106305642866,-9.88646173629392
19 May 2026 13:15:02.442251570,19 May 2026 13:16:51.010812131,25.0808424262941,18.2528962056979
NaN,NaN,NaN,NaN
NaN,NaN,NaN,NaN
NaN,NaN,NaN,NaN
NaN,NaN,NaN,NaN
NaN,NaN,NaN,NaN
NaN,NaN,NaN,NaN
NaN,NaN,NaN,NaN
NaN,NaN,NaN,NaN
NaN,NaN,NaN,NaN
NaN,NaN,NaN,NaN
NaN,NaN,NaN,NaN
NaN,NaN,NaN,NaN
NaN,NaN,NaN,NaN
NaN,NaN,NaN,NaN
NaN,NaN,NaN,NaN
NaN,NaN,NaN,NaN
NaN,NaN,NaN,NaN
NaN,NaN,NaN,NaN
NaN,NaN,NaN,NaN
NaN,NaN,NaN,NaN
NaN,NaN,NaN,NaN
NaN,NaN,NaN,NaN
NaN,NaN,NaN,NaN
NaN,NaN,NaN,NaN
NaN,NaN,NaN,NaN
NaN,NaN,NaN,NaN
NaN,NaN,NaN,NaN
NaN,NaN,NaN,NaN
NaN,NaN,NaN,NaN
NaN,NaN,NaN,NaN
NaN,NaN,NaN,NaN
NaN,NaN,NaN,NaN
NaN,NaN,NaN,NaN
NaN,NaN,NaN,NaN
NaN,NaN,NaN,NaN
NaN,NaN,NaN,NaN
NaN,NaN,NaN,NaN
NaN,NaN,NaN,NaN
NaN,NaN,NaN,NaN
NaN,NaN,NaN,NaN
NaN,NaN,NaN,NaN
NaN,NaN,NaN,NaN
NaN,NaN,NaN,NaN
NaN,NaN,NaN,NaN
NaN,NaN,NaN,NaN
NaN,NaN,NaN,NaN
NaN,NaN,NaN,NaN
NaN,NaN,NaN,NaN
NaN,NaN,NaN,NaN
NaN,NaN,NaN,NaN
NaN,NaN,NaN,NaN
NaN,NaN,NaN,NaN
NaN,NaN,NaN,NaN
NaN,NaN,NaN,NaN
NaN,NaN,NaN,NaN
NaN,NaN,NaN,NaN
NaN,NaN,NaN,NaN
NaN,NaN,NaN,NaN
NaN,NaN,NaN,NaN
NaN,NaN,NaN,NaN
NaN,NaN,NaN,NaN
NaN,NaN,NaN,NaN
NaN,NaN,NaN,NaN
NaN,NaN,NaN,NaN
NaN,NaN,NaN,NaN
NaN,NaN,NaN,NaN
NaN,NaN,NaN,NaN
NaN,NaN,NaN,NaN
NaN,NaN,NaN,NaN
NaN,NaN,NaN,NaN
NaN,NaN,NaN,NaN
NaN,NaN,NaN,NaN
NaN,NaN,NaN,NaN
NaN,NaN,NaN,NaN
NaN,NaN,NaN,NaN
NaN,NaN,NaN,NaN
NaN,NaN,NaN,NaN
NaN,NaN,NaN,NaN
NaN,NaN,NaN,NaN
NaN,NaN,NaN,NaN
18 May 2026 06:24:55.838297755,18 May 2026 06:25:21.585007995,-32.4726468786522,-30.8541640992914
NaN,NaN,NaN,NaN
NaN,NaN,NaN,NaN
NaN,NaN,NaN,NaN
NaN,NaN,NaN,NaN
NaN,NaN,NaN,NaN
NaN,NaN,NaN,NaN
NaN,NaN,NaN,NaN
NaN,NaN,NaN,NaN
NaN,NaN,NaN,NaN
NaN,NaN,NaN,NaN
NaN,NaN,NaN,NaN
NaN,NaN,NaN,NaN
NaN,NaN,NaN,NaN
NaN,NaN,NaN,NaN
NaN,NaN,NaN,NaN
NaN,NaN,NaN,NaN
NaN,NaN,NaN,NaN
NaN,NaN,NaN,NaN
NaN,NaN,NaN,NaN
NaN,NaN,NaN,NaN
NaN,NaN,NaN,NaN
NaN,NaN,NaN,NaN
NaN,NaN,NaN,NaN
NaN,NaN,NaN,NaN
NaN,NaN,NaN,NaN
NaN,NaN,NaN,NaN
NaN,NaN,NaN,NaN
NaN,NaN,NaN,NaN
NaN,NaN,NaN,NaN
NaN,NaN,NaN,NaN
NaN,NaN,NaN,NaN
NaN,NaN,NaN,NaN
NaN,NaN,NaN,NaN
NaN,NaN,NaN,NaN
NaN,NaN,NaN,NaN
NaN,NaN,NaN,NaN
NaN,NaN,NaN,NaN
NaN,NaN,NaN,NaN
NaN,NaN,NaN,NaN
NaN,NaN,NaN,NaN
NaN,NaN,NaN,NaN
NaN,NaN,NaN,NaN
NaN,NaN,NaN,NaN
NaN,NaN,NaN,NaN
NaN,NaN,NaN,NaN
NaN,NaN,NaN,NaN
NaN,NaN,NaN,NaN
NaN,NaN,NaN,NaN
NaN,NaN,NaN,NaN
NaN,NaN,NaN,NaN
NaN,NaN,NaN,NaN
NaN,NaN,NaN,NaN
NaN,NaN,NaN,NaN
NaN,NaN,NaN,NaN
NaN,NaN,NaN,NaN
NaN,NaN,NaN,NaN
NaN,NaN,NaN,NaN
NaN,NaN,NaN,NaN
NaN,NaN,NaN,NaN
NaN,NaN,NaN,NaN
NaN,NaN,NaN,NaN
NaN,NaN,NaN,NaN
NaN,NaN,NaN,NaN
NaN,NaN,NaN,NaN
NaN,NaN,NaN,NaN
NaN,NaN,NaN,NaN
NaN,NaN,NaN,NaN
NaN,NaN,NaN,NaN
NaN,NaN,NaN,NaN
NaN,NaN,NaN,NaN
NaN,NaN,NaN,NaN
NaN,NaN,NaN,NaN
NaN,NaN,NaN,NaN
NaN,NaN,NaN,NaN
NaN,NaN,NaN,NaN
NaN,NaN,NaN,NaN
NaN,NaN,NaN,NaN
NaN,NaN,NaN,NaN
NaN,NaN,NaN,NaN
NaN,NaN,NaN,NaN
NaN,NaN,NaN,NaN
NaN,NaN,NaN,NaN
NaN,NaN,NaN,NaN
NaN,NaN,NaN,NaN
NaN,NaN,NaN,NaN
NaN,NaN,NaN,NaN
NaN,NaN,NaN,NaN
NaN,NaN,NaN,NaN
NaN,NaN,NaN,NaN
NaN,NaN,NaN,NaN
NaN,NaN,NaN,NaN
NaN,NaN,NaN,NaN
NaN,NaN,NaN,NaN
NaN,NaN,NaN,NaN
NaN,NaN,NaN,NaN
NaN,NaN,NaN,NaN
NaN,NaN,NaN,NaN
NaN,NaN,NaN,NaN
NaN,NaN,NaN,NaN
NaN,NaN,NaN,NaN
NaN,NaN,NaN,NaN
NaN,NaN,NaN,NaN
NaN,NaN,NaN,NaN
NaN,NaN,NaN,NaN
NaN,NaN,NaN,NaN
NaN,NaN,NaN,NaN
NaN,NaN,NaN,NaN
NaN,NaN,NaN,NaN
NaN,NaN,NaN,NaN
NaN,NaN,NaN,NaN
NaN,NaN,NaN,NaN
NaN,NaN,NaN,NaN
NaN,NaN,NaN,NaN
NaN,NaN,NaN,NaN
NaN,NaN,NaN,NaN
NaN,NaN,NaN,NaN
NaN,NaN,NaN,NaN
NaN,NaN,NaN,NaN
NaN,NaN,NaN,NaN
NaN,NaN,NaN,NaN
NaN,NaN,NaN,NaN
NaN,NaN,NaN,NaN
NaN,NaN,NaN,NaN
NaN,NaN,NaN,NaN
NaN,NaN,NaN,NaN
NaN,NaN,NaN,NaN
NaN,NaN,NaN,NaN
NaN,NaN,NaN,NaN
NaN,NaN,NaN,NaN
NaN,NaN,NaN,NaN
NaN,NaN,NaN,NaN
NaN,NaN,NaN,NaN
NaN,NaN,NaN,NaN
NaN,NaN,NaN,NaN
5 May 2026 18:29:38.598547848,5 May 2026 18:32:52.196625973,15.5332807258866,27.7675283888404
6 May 2026 01:28:48.605518348,6 May 2026 01:30:10.845233841,12.1087256464766,6.92882478008637
6 May 2026 02:56:40.904568272,6 May 2026 02:57:30.563731580,38.1291043100821,35.024131826366
6 May 2026 08:33:27.884041858,6 May 2026 08:36:33.828985056,-19.3930183706307,-7.63078291968913
6 May 2026 18:13:35.295551122,6 May 2026 18:14:45.237426608,24.0817296194251,28.4950851042282
6 May 2026 19:36:58.250819534,6 May 2026 19:37:21.429599817,-19.2015524435103,-17.7370290620173
7 May 2026 08:13:11.560507264,7 May 2026 08:17:26.927096024,-26.8200026945956,-10.6886994580722
7 May 2026 12:22:35.056826595,7 May 2026 12:25:14.543058611,-20.4575926145154,-30.4595458130475
7 May 2026 19:20:05.592385421,7 May 2026 19:22:07.506445405,-13.7648830786831,-6.04746209314423
7 May 2026 20:48:53.116891090,7 May 2026 20:49:07.555616854,-36.405026457696,-35.4994251402178
8 May 2026 02:24:38.172749628,8 May 2026 02:28:49.603554576,20.9549702510059,5.12631031010909
8 May 2026 06:30:05.187281220,8 May 2026 06:33:21.812046510,11.084552048558,23.5206177771039
8 May 2026 12:06:42.743038688,8 May 2026 12:06:51.561746017,-29.625394729211,-30.177621789054
8 May 2026 13:29:16.772896709,8 May 2026 13:30:43.403131562,16.4755567117043,11.0216884944243
8 May 2026 14:59:38.435002996,8 May 2026 15:00:06.397212035,33.1226046014965,31.3710499309954
8 May 2026 20:36:42.116182161,8 May 2026 20:37:04.623578183,-13.223366461329,-11.799237606539
9 May 2026 02:04:32.355259216,9 May 2026 02:06:46.111656410,27.6958148381895,19.2925224738679
9 May 2026 06:14:00.408034689,9 May 2026 06:16:48.227215634,19.5650589563512,30.1559500606912
9 May 2026 07:37:26.191375950,9 May 2026 07:38:02.001943708,-23.5293915665505,-21.2694288116693
9 May 2026 13:12:33.395153832,9 May 2026 13:12:41.985458061,10.4832322641031,9.94216077829937
9 May 2026 20:16:14.798024031,9 May 2026 20:20:56.564254124,-21.339252923537,-3.51428330842338
10 May 2026 00:23:02.513927336,10 May 2026 00:25:48.321609663,-16.0864035700663,-26.5015473767237
10 May 2026 05:58:13.145884596,10 May 2026 05:58:36.790493876,29.136339133474,30.6255842886182
10 May 2026 07:20:33.358825943,10 May 2026 07:22:39.341666022,-18.0910203199397,-10.1227702164848
10 May 2026 08:51:47.253635622,10 May 2026 08:51:49.293693908,-31.5100602769705,-31.3817853120357
10 May 2026 14:27:51.139511120,10 May 2026 14:29:47.286283731,14.9116160180921,7.59670763201703
10 May 2026 18:33:40.172449162,10 May 2026 18:33:49.058363672,18.6051140488155,19.1668137430838
10 May 2026 19:56:19.930462428,10 May 2026 19:58:48.991062789,-27.3833084896102,-17.9776819505336
11 May 2026 00:07:09.526531176,11 May 2026 00:09:07.639768509,-25.2467169020338,-32.648151976983
11 May 2026 01:29:43.908055587,11 May 2026 01:31:14.934992171,20.8547684880735,15.1280955253717
11 May 2026 07:03:50.367843490,11 May 2026 07:04:01.885207403,-12.014643642343,-11.2858418611339
11 May 2026 14:07:34.749533071,11 May 2026 14:10:41.904979860,22.307967277843,10.5304488722576
11 May 2026 18:14:26.061600781,11 May 2026 18:17:15.354615329,15.1260766720036,25.820893004333
11 May 2026 19:37:53.553560266,11 May 2026 19:38:39.569167368,-27.838566001355,-24.9387877164648
12 May 2026 01:13:00.418697268,12 May 2026 01:15:31.886682586,14.8543340687361,5.31303119228916
12 May 2026 08:19:19.720068042,12 May 2026 08:21:31.694255133,-15.6935493781484,-7.34304169976923
12 May 2026 12:24:09.333804119,12 May 2026 12:26:15.400981725,-14.237532170302,-22.1655714691004
12 May 2026 17:58:38.097085107,12 May 2026 18:00:31.455715422,24.6812882290674,31.8230283508101
12 May 2026 19:21:00.466871876,12 May 2026 19:23:10.368614298,-22.4051256828181,-14.1979842897564
13 May 2026 07:59:16.249137719,13 May 2026 08:02:43.974083312,-22.2720449245952,-9.14091404339814
13 May 2026 12:07:36.989626482,13 May 2026 12:09:34.795835431,-20.9525345537683,-28.3488820936336
13 May 2026 13:30:10.158819205,13 May 2026 13:31:44.978496854,25.2366589110362,19.2769743508308
13 May 2026 19:04:17.053151313,13 May 2026 19:07:16.207170746,-16.3435241581664,-5.00772453034413
14 May 2026 02:10:38.954187938,14 May 2026 02:14:04.520335385,16.7481638424822,3.79795627842622
14 May 2026 06:14:51.946006997,14 May 2026 06:17:41.915424765,10.7471621725583,21.4924637841262
14 May 2026 09:08:19.508511861,14 May 2026 09:09:23.056066000,-50.0978707560784,-46.1478724037398
14 May 2026 11:52:08.531665105,14 May 2026 11:52:44.446813030,-31.669927553702,-33.9181970041924
14 May 2026 13:13:26.468119645,14 May 2026 13:15:59.475652670,19.2352171425982,9.60120006944551
15 May 2026 05:59:04.187249841,15 May 2026 06:00:57.788574617,20.3406497065814,27.5062429647856
15 May 2026 07:21:27.017930427,15 May 2026 07:23:40.201149067,-26.6992968443084,-18.2962103332386
15 May 2026 12:56:53.028190689,15 May 2026 12:57:32.264664858,12.5710533874552,10.0990551037836
15 May 2026 20:02:13.785894698,15 May 2026 20:05:42.053889927,-17.0284784634167,-3.8527288122959
16 May 2026 00:08:04.740303749,16 May 2026 00:10:01.010030424,-16.7205571384151,-24.032431811348
16 May 2026 00:14:25.469110489,16 May 2026 00:14:34.998946669,-40.5917952431834,-41.1859060728083
16 May 2026 01:31:18.330624507,16 May 2026 01:32:13.133898422,26.9333777423614,23.4913796683388
16 May 2026 03:01:12.022544770,16 May 2026 03:02:12.202455628,45.248026932149,41.5021288489414
16 May 2026 05:43:48.199681607,16 May 2026 05:44:04.520162951,31.9108083990501,32.9365757178837
16 May 2026 07:04:43.098074435,16 May 2026 07:07:44.078698595,-20.6593608385599,-9.2191554962003
16 May 2026 14:13:44.850194809,16 May 2026 14:14:28.534858794,11.0240779380773,8.27094879666635
16 May 2026 18:17:53.346858054,16 May 2026 18:18:07.968997426,16.251014755256,17.175004032282
16 May 2026 18:23:15.422068419,16 May 2026 18:23:24.242794261,36.5384552580906,37.091514933546
16 May 2026 21:07:47.207065119,16 May 2026 21:09:42.505631604,-57.9021304230454,-50.7900673335165
16 May 2026 23:52:39.393806075,16 May 2026 23:53:10.472855338,-27.6717528742277,-29.621488542426
17 May 2026 01:13:51.585066087,17 May 2026 01:16:25.931761025,23.6211452179372,13.909460018573
17 May 2026 13:53:41.534009129,17 May 2026 13:55:31.733488574,17.5585958567929,10.617479713982
17 May 2026 17:59:31.021989242,17 May 2026 18:01:23.405922925,16.0903325872549,23.1854501783648
17 May 2026 19:23:13.388838090,17 May 2026 19:24:08.514395658,-25.9132272503316,-22.4374943522346
18 May 2026 00:57:17.852902959,18 May 2026 01:00:21.373091379,16.9610195158554,5.39624286987478
18 May 2026 08:05:12.423818180,18 May 2026 08:06:08.900899713,-11.6634202879191,-8.09084871656197
18 May 2026 12:08:57.034460532,18 May 2026 12:10:26.390365667,-14.0797284333689,-19.7060509076079
18 May 2026 12:15:03.974807054,18 May 2026 12:15:16.308896074,-37.1227644192378,-37.8935977337766
18 May 2026 14:59:57.101052291,18 May 2026 15:02:25.880180135,55.7193679821578,46.5255708899678
18 May 2026 17:44:20.056137346,18 May 2026 17:44:29.623482143,28.0068969844493,28.6090590021303
18 May 2026 19:05:08.539805161,18 May 2026 19:08:11.061280352,-24.959369643924,-13.435950758542
19 May 2026 07:45:21.464141524,19 May 2026 07:47:20.496882089,-17.4106305642866,-9.88646173629392
19 May 2026 09:08:35.227526796,19 May 2026 09:09:48.176223598,-60.6762093994841,-56.2076385366602
19 May 2026 11:53:12.029914256,19 May 2026 11:53:35.453507957,-23.8278499549792,-25.3000507831377
19 May 2026 13:15:02.442251570,19 May 2026 13:16:51.010812131,25.0808424262941,18.2528962056979
NaN,NaN,NaN,NaN
NaN,NaN,NaN,NaN
NaN,NaN,NaN,NaN
NaN,NaN,NaN,NaN
NaN,NaN,NaN,NaN
NaN,NaN,NaN,NaN
NaN,NaN,NaN,NaN
NaN,NaN,NaN,NaN
NaN,NaN,NaN,NaN
NaN,NaN,NaN,NaN
NaN,NaN,NaN,NaN
NaN,NaN,NaN,NaN
NaN,NaN,NaN,NaN
NaN,NaN,NaN,NaN
NaN,NaN,NaN,NaN
NaN,NaN,NaN,NaN
NaN,NaN,NaN,NaN
NaN,NaN,NaN,NaN
NaN,NaN,NaN,NaN
NaN,NaN,NaN,NaN
NaN,NaN,NaN,NaN
NaN,NaN,NaN,NaN
NaN,NaN,NaN,NaN
NaN,NaN,NaN,NaN
NaN,NaN,NaN,NaN
NaN,NaN,NaN,NaN
NaN,NaN,NaN,NaN
NaN,NaN,NaN,NaN
NaN,NaN,NaN,NaN
NaN,NaN,NaN,NaN
NaN,NaN,NaN,NaN
NaN,NaN,NaN,NaN
NaN,NaN,NaN,NaN
NaN,NaN,NaN,NaN
NaN,NaN,NaN,NaN
NaN,NaN,NaN,NaN
NaN,NaN,NaN,NaN
NaN,NaN,NaN,NaN
NaN,NaN,NaN,NaN
NaN,NaN,NaN,NaN
NaN,NaN,NaN,NaN
NaN,NaN,NaN,NaN
NaN,NaN,NaN,NaN
NaN,NaN,NaN,NaN
NaN,NaN,NaN,NaN
NaN,NaN,NaN,NaN
NaN,NaN,NaN,NaN
NaN,NaN,NaN,NaN
NaN,NaN,NaN,NaN
NaN,NaN,NaN,NaN
NaN,NaN,NaN,NaN
NaN,NaN,NaN,NaN
NaN,NaN,NaN,NaN
NaN,NaN,NaN,NaN
NaN,NaN,NaN,NaN
NaN,NaN,NaN,NaN
NaN,NaN,NaN,NaN
6 May 2026 10:16:34.554498572,6 May 2026 10:18:14.135064290,12.2595865372721,18.5617426411007
6 May 2026 11:35:59.855969585,6 May 2026 11:37:24.905579829,-45.8630250826382,-40.5559907562165
6 May 2026 15:50:07.626582283,6 May 2026 15:51:19.311699224,-19.2434902956793,-23.7446123032564
7 May 2026 09:57:43.477909405,7 May 2026 10:01:55.381288870,10.2027743368153,26.1323113422606
7 May 2026 21:01:49.374987239,7 May 2026 21:01:53.804068588,12.6480595483218,12.9284624464877
8 May 2026 04:07:00.689367678,8 May 2026 04:10:53.855420293,-7.74575558475951,-22.4103673154678
8 May 2026 05:28:11.860414654,8 May 2026 05:29:00.169728617,43.4876093760936,40.4768478628551
8 May 2026 05:32:44.473511353,8 May 2026 05:32:52.282865923,26.4357392415218,25.9454760098261
8 May 2026 09:41:19.674586702,8 May 2026 09:43:31.392031042,17.4759938950571,25.7980076995465
8 May 2026 15:11:42.705710443,8 May 2026 15:12:47.520291559,-12.4449758724907,-16.5224828808699
9 May 2026 03:50:34.925073097,9 May 2026 03:54:01.953687858,-14.8437620278849,-27.8461676379842
9 May 2026 21:58:10.879949967,9 May 2026 22:02:25.402279479,5.83525047645572,21.9403855161057
9 May 2026 23:23:53.320937265,9 May 2026 23:24:19.675629809,-28.5865394505273,-26.9266609742407
10 May 2026 03:34:21.226915442,10 May 2026 03:35:10.669485872,-22.6988035419572,-25.8019741361214
10 May 2026 09:02:17.888690442,10 May 2026 09:04:53.462531644,8.36037026368202,18.2059283567074
10 May 2026 16:09:33.046009947,10 May 2026 16:11:21.529616980,-11.2423684740953,-18.0682780799343
10 May 2026 17:33:06.865374036,10 May 2026 17:33:16.374870251,31.1066430899334,30.5106529866145
10 May 2026 21:41:45.580090957,10 May 2026 21:45:26.987652659,13.0354720233088,27.025088613467
11 May 2026 15:51:01.708772878,11 May 2026 15:54:29.525859444,-10.4559159281638,-23.5263620223741
11 May 2026 21:25:33.016342880,11 May 2026 21:27:16.303426088,21.037347933099,27.5549229959825
12 May 2026 02:55:22.796766579,12 May 2026 02:55:55.716590700,-13.8514327897776,-15.9231066060577
12 May 2026 08:31:40.940181640,12 May 2026 08:31:42.532558597,31.18139233197,31.2815961851138
12 May 2026 10:00:18.800309304,12 May 2026 10:02:54.835556402,7.88162899802942,17.7548081358
12 May 2026 11:24:17.392754498,12 May 2026 11:25:53.799370949,-33.0804964368592,-27.0147225892083
12 May 2026 15:34:46.882555666,12 May 2026 15:37:26.814312388,-18.2696908583052,-28.3135471960737
12 May 2026 21:05:39.269858095,12 May 2026 21:07:50.396204100,15.0623990022513,23.3478671292693
12 May 2026 21:09:35.199449516,12 May 2026 21:10:40.441311802,29.9546181392737,34.0582375999306
13 May 2026 05:33:28.760361562,13 May 2026 05:33:37.404108008,35.7510151958596,35.2104191064676
13 May 2026 09:42:11.391247930,13 May 2026 09:45:55.849655912,8.63465198266048,22.8268454091539
13 May 2026 20:46:59.433965915,13 May 2026 20:47:58.204932539,13.7661737778275,17.4824448955474
14 May 2026 03:51:27.810707044,14 May 2026 03:54:56.340246753,-6.07162400452368,-19.2022633962831
14 May 2026 05:16:12.684829901,14 May 2026 05:18:01.581120678,31.8045508055059,24.9733934246457
14 May 2026 09:25:57.510283990,14 May 2026 09:28:46.652860859,16.5762976534863,27.2530752298299
14 May 2026 14:56:11.021233336,14 May 2026 14:58:59.947970911,-10.8726085245186,-21.5036367251141
14 May 2026 23:25:11.874410600,14 May 2026 23:26:18.930887735,-35.6084460684151,-31.396418141159
15 May 2026 03:35:12.374603342,15 May 2026 03:37:53.034554189,-13.8747808246913,-23.9802355910178
15 May 2026 09:09:58.095658397,15 May 2026 09:10:44.469717281,25.4208942893162,28.3429439116086
15 May 2026 09:10:54.625030669,15 May 2026 09:11:24.890577136,28.9823866469577,30.8870667584833
15 May 2026 21:42:36.963045686,15 May 2026 21:46:24.171306240,4.26564047483859,18.6377966834463
16 May 2026 03:19:10.231361944,16 May 2026 03:20:37.742180624,-22.5131998621783,-28.0088314106997
16 May 2026 08:47:28.479946017,16 May 2026 08:50:59.687176170,9.62665566437424,22.9737315067274
16 May 2026 15:54:15.970830616,16 May 2026 15:55:22.622874792,-10.6896041819884,-14.888319814487
16 May 2026 17:17:32.112843228,16 May 2026 17:18:22.482083627,32.7802844329412,29.6236854407174
16 May 2026 21:26:22.284156124,16 May 2026 21:29:13.870658431,12.1775814962265,23.0170863386105
17 May 2026 03:00:14.175091987,17 May 2026 03:02:00.772272962,-20.2196349248695,-26.9185113728406
17 May 2026 15:35:37.490005549,17 May 2026 15:38:18.632120648,-9.50097479640948,-19.6500988305013
17 May 2026 21:10:22.098219102,17 May 2026 21:11:51.385506115,20.9986501537969,26.6284188407177
18 May 2026 02:41:04.920970578,18 May 2026 02:41:56.545877590,-17.1012683517377,-20.3503477606723
18 May 2026 09:45:18.290333153,18 May 2026 09:46:52.166810884,8.53586525303886,14.4723296878602
18 May 2026 15:19:35.335351770,18 May 2026 15:21:01.980010635,-18.1696217552055,-23.6202066888263
18 May 2026 20:50:18.654857189,18 May 2026 20:53:57.873022452,14.4593890802699,28.2885706109076
19 May 2026 09:26:47.115334852,19 May 2026 09:29:40.693969569,7.82822003750151,18.7991038480332
NaN,NaN,NaN,NaN
NaN,NaN,NaN,NaN
NaN,NaN,NaN,NaN
NaN,NaN,NaN,NaN
NaN,NaN,NaN,NaN
NaN,NaN,NaN,NaN
NaN,NaN,NaN,NaN
NaN,NaN,NaN,NaN
NaN,NaN,NaN,NaN
NaN,NaN,NaN,NaN
NaN,NaN,NaN,NaN
NaN,NaN,NaN,NaN
NaN,NaN,NaN,NaN
NaN,NaN,NaN,NaN
NaN,NaN,NaN,NaN
NaN,NaN,NaN,NaN
NaN,NaN,NaN,NaN
NaN,NaN,NaN,NaN
NaN,NaN,NaN,NaN
NaN,NaN,NaN,NaN
NaN,NaN,NaN,NaN
NaN,NaN,NaN,NaN
NaN,NaN,NaN,NaN
NaN,NaN,NaN,NaN
NaN,NaN,NaN,NaN
NaN,NaN,NaN,NaN
NaN,NaN,NaN,NaN
NaN,NaN,NaN,NaN
NaN,NaN,NaN,NaN
NaN,NaN,NaN,NaN
NaN,NaN,NaN,NaN
NaN,NaN,NaN,NaN
NaN,NaN,NaN,NaN
NaN,NaN,NaN,NaN
NaN,NaN,NaN,NaN
NaN,NaN,NaN,NaN
NaN,NaN,NaN,NaN
NaN,NaN,NaN,NaN
NaN,NaN,NaN,NaN
NaN,NaN,NaN,NaN
NaN,NaN,NaN,NaN
NaN,NaN,NaN,NaN
NaN,NaN,NaN,NaN
NaN,NaN,NaN,NaN
NaN,NaN,NaN,NaN
NaN,NaN,NaN,NaN
NaN,NaN,NaN,NaN
NaN,NaN,NaN,NaN
NaN,NaN,NaN,NaN
NaN,NaN,NaN,NaN
NaN,NaN,NaN,NaN
NaN,NaN,NaN,NaN
NaN,NaN,NaN,NaN
NaN,NaN,NaN,NaN
NaN,NaN,NaN,NaN
NaN,NaN,NaN,NaN
NaN,NaN,NaN,NaN
NaN,NaN,NaN,NaN
NaN,NaN,NaN,NaN
NaN,NaN,NaN,NaN
NaN,NaN,NaN,NaN
NaN,NaN,NaN,NaN
NaN,NaN,NaN,NaN
NaN,NaN,NaN,NaN
NaN,NaN,NaN,NaN
NaN,NaN,NaN,NaN
NaN,NaN,NaN,NaN
NaN,NaN,NaN,NaN
NaN,NaN,NaN,NaN
NaN,NaN,NaN,NaN
NaN,NaN,NaN,NaN
NaN,NaN,NaN,NaN
NaN,NaN,NaN,NaN
NaN,NaN,NaN,NaN
NaN,NaN,NaN,NaN
NaN,NaN,NaN,NaN
NaN,NaN,NaN,NaN
NaN,NaN,NaN,NaN
NaN,NaN,NaN,NaN
NaN,NaN,NaN,NaN
NaN,NaN,NaN,NaN
NaN,NaN,NaN,NaN
NaN,NaN,NaN,NaN
12 May 2026 10:06:32.720719804,12 May 2026 10:06:50.094851020,31.4997352603001,32.5926161679015
14 May 2026 03:58:42.661456816,14 May 2026 03:59:13.628380101,-33.4039208029987,-35.3408909928086
14 May 2026 22:07:29.992505405,14 May 2026 22:08:50.645564232,29.1248757944185,34.1969193335413
15 May 2026 21:50:10.684763745,15 May 2026 21:51:27.520092896,32.9132524820255,37.7354749065236
16 May 2026 15:59:33.951374085,16 May 2026 16:01:34.121722653,-30.6830495707485,-38.2023415646487
17 May 2026 15:42:28.645214472,17 May 2026 15:43:24.651437829,-35.3405307223843,-38.8409312475944
18 May 2026 09:50:58.661340258,18 May 2026 09:52:48.234872621,30.0187679953235,36.8992273405622
19 May 2026 04:00:26.757281274,19 May 2026 04:02:08.250610028,-28.1047296251259,-34.4674153189494
19 May 2026 09:33:55.415513471,19 May 2026 09:35:26.571444578,34.8358197648971,40.5454950363549
NaN,NaN,NaN,NaN
NaN,NaN,NaN,NaN
NaN,NaN,NaN,NaN
NaN,NaN,NaN,NaN
NaN,NaN,NaN,NaN
NaN,NaN,NaN,NaN
NaN,NaN,NaN,NaN
NaN,NaN,NaN,NaN
NaN,NaN,NaN,NaN
NaN,NaN,NaN,NaN
NaN,NaN,NaN,NaN
NaN,NaN,NaN,NaN
NaN,NaN,NaN,NaN
NaN,NaN,NaN,NaN
NaN,NaN,NaN,NaN
NaN,NaN,NaN,NaN
NaN,NaN,NaN,NaN
NaN,NaN,NaN,NaN
NaN,NaN,NaN,NaN
NaN,NaN,NaN,NaN
NaN,NaN,NaN,NaN
NaN,NaN,NaN,NaN
NaN,NaN,NaN,NaN
NaN,NaN,NaN,NaN
NaN,NaN,NaN,NaN
NaN,NaN,NaN,NaN
NaN,NaN,NaN,NaN
NaN,NaN,NaN,NaN
NaN,NaN,NaN,NaN
NaN,NaN,NaN,NaN
NaN,NaN,NaN,NaN
NaN,NaN,NaN,NaN
NaN,NaN,NaN,NaN
NaN,NaN,NaN,NaN
NaN,NaN,NaN,NaN
NaN,NaN,NaN,NaN
NaN,NaN,NaN,NaN
NaN,NaN,NaN,NaN
NaN,NaN,NaN,NaN
NaN,NaN,NaN,NaN
NaN,NaN,NaN,NaN
NaN,NaN,NaN,NaN
NaN,NaN,NaN,NaN
NaN,NaN,NaN,NaN
NaN,NaN,NaN,NaN
NaN,NaN,NaN,NaN
NaN,NaN,NaN,NaN
NaN,NaN,NaN,NaN
NaN,NaN,NaN,NaN
NaN,NaN,NaN,NaN
NaN,NaN,NaN,NaN
NaN,NaN,NaN,NaN
NaN,NaN,NaN,NaN
NaN,NaN,NaN,NaN
NaN,NaN,NaN,NaN
NaN,NaN,NaN,NaN
NaN,NaN,NaN,NaN
NaN,NaN,NaN,NaN
NaN,NaN,NaN,NaN
NaN,NaN,NaN,NaN
NaN,NaN,NaN,NaN
NaN,NaN,NaN,NaN
NaN,NaN,NaN,NaN
NaN,NaN,NaN,NaN
NaN,NaN,NaN,NaN
NaN,NaN,NaN,NaN
NaN,NaN,NaN,NaN
NaN,NaN,NaN,NaN
NaN,NaN,NaN,NaN
NaN,NaN,NaN,NaN
NaN,NaN,NaN,NaN
NaN,NaN,NaN,NaN
NaN,NaN,NaN,NaN
NaN,NaN,NaN,NaN
NaN,NaN,NaN,NaN
NaN,NaN,NaN,NaN
NaN,NaN,NaN,NaN
NaN,NaN,NaN,NaN
NaN,NaN,NaN,NaN
NaN,NaN,NaN,NaN
NaN,NaN,NaN,NaN
NaN,NaN,NaN,NaN
NaN,NaN,NaN,NaN
NaN,NaN,NaN,NaN
NaN,NaN,NaN,NaN
NaN,NaN,NaN,NaN
NaN,NaN,NaN,NaN
NaN,NaN,NaN,NaN
NaN,NaN,NaN,NaN
NaN,NaN,NaN,NaN
NaN,NaN,NaN,NaN
NaN,NaN,NaN,NaN
NaN,NaN,NaN,NaN
NaN,NaN,NaN,NaN
NaN,NaN,NaN,NaN
NaN,NaN,NaN,NaN
NaN,NaN,NaN,NaN
NaN,NaN,NaN,NaN
NaN,NaN,NaN,NaN
NaN,NaN,NaN,NaN
NaN,NaN,NaN,NaN
NaN,NaN,NaN,NaN
NaN,NaN,NaN,NaN
NaN,NaN,NaN,NaN
NaN,NaN,NaN,NaN
NaN,NaN,NaN,NaN
NaN,NaN,NaN,NaN
NaN,NaN,NaN,NaN
NaN,NaN,NaN,NaN
NaN,NaN,NaN,NaN
NaN,NaN,NaN,NaN
NaN,NaN,NaN,NaN
NaN,NaN,NaN,NaN
NaN,NaN,NaN,NaN
NaN,NaN,NaN,NaN
NaN,NaN,NaN,NaN
NaN,NaN,NaN,NaN
NaN,NaN,NaN,NaN
NaN,NaN,NaN,NaN
NaN,NaN,NaN,NaN
NaN,NaN,NaN,NaN
NaN,NaN,NaN,NaN
NaN,NaN,NaN,NaN
NaN,NaN,NaN,NaN
NaN,NaN,NaN,NaN
NaN,NaN,NaN,NaN
14 May 2026 09:08:19.508511861,14 May 2026 09:09:23.056066000,-50.0978707560784,-46.1478724037398
16 May 2026 03:01:12.022544770,16 May 2026 03:02:12.202455628,45.248026932149,41.5021288489414
16 May 2026 21:07:47.207065119,16 May 2026 21:09:42.505631604,-57.9021304230454,-50.7900673335165
18 May 2026 14:59:57.101052291,18 May 2026 15:02:25.884930135,55.7193679821578,46.5252759462323
19 May 2026 09:08:35.227526796,19 May 2026 09:09:48.176223598,-60.6762093994841,-56.2076385366602
NaN,NaN,NaN,NaN
NaN,NaN,NaN,NaN
NaN,NaN,NaN,NaN
NaN,NaN,NaN,NaN
NaN,NaN,NaN,NaN
NaN,NaN,NaN,NaN
NaN,NaN,NaN,NaN
NaN,NaN,NaN,NaN
NaN,NaN,NaN,NaN
NaN,NaN,NaN,NaN
NaN,NaN,NaN,NaN
NaN,NaN,NaN,NaN
NaN,NaN,NaN,NaN
NaN,NaN,NaN,NaN
NaN,NaN,NaN,NaN
NaN,NaN,NaN,NaN
NaN,NaN,NaN,NaN
NaN,NaN,NaN,NaN
NaN,NaN,NaN,NaN
NaN,NaN,NaN,NaN
NaN,NaN,NaN,NaN
NaN,NaN,NaN,NaN
NaN,NaN,NaN,NaN
NaN,NaN,NaN,NaN
NaN,NaN,NaN,NaN
NaN,NaN,NaN,NaN
NaN,NaN,NaN,NaN
NaN,NaN,NaN,NaN
NaN,NaN,NaN,NaN
NaN,NaN,NaN,NaN
NaN,NaN,NaN,NaN
NaN,NaN,NaN,NaN
NaN,NaN,NaN,NaN
NaN,NaN,NaN,NaN
NaN,NaN,NaN,NaN
NaN,NaN,NaN,NaN
NaN,NaN,NaN,NaN
NaN,NaN,NaN,NaN
NaN,NaN,NaN,NaN
NaN,NaN,NaN,NaN
NaN,NaN,NaN,NaN
NaN,NaN,NaN,NaN
NaN,NaN,NaN,NaN
NaN,NaN,NaN,NaN
NaN,NaN,NaN,NaN
NaN,NaN,NaN,NaN
NaN,NaN,NaN,NaN
NaN,NaN,NaN,NaN
NaN,NaN,NaN,NaN
NaN,NaN,NaN,NaN
NaN,NaN,NaN,NaN
NaN,NaN,NaN,NaN
NaN,NaN,NaN,NaN
NaN,NaN,NaN,NaN
NaN,NaN,NaN,NaN
NaN,NaN,NaN,NaN
NaN,NaN,NaN,NaN
NaN,NaN,NaN,NaN
NaN,NaN,NaN,NaN
NaN,NaN,NaN,NaN
NaN,NaN,NaN,NaN
NaN,NaN,NaN,NaN
NaN,NaN,NaN,NaN
NaN,NaN,NaN,NaN
NaN,NaN,NaN,NaN
NaN,NaN,NaN,NaN
NaN,NaN,NaN,NaN
NaN,NaN,NaN,NaN
NaN,NaN,NaN,NaN
NaN,NaN,NaN,NaN
NaN,NaN,NaN,NaN
NaN,NaN,NaN,NaN
NaN,NaN,NaN,NaN
NaN,NaN,NaN,NaN
NaN,NaN,NaN,NaN
NaN,NaN,NaN,NaN
NaN,NaN,NaN,NaN
NaN,NaN,NaN,NaN
NaN,NaN,NaN,NaN
NaN,NaN,NaN,NaN
NaN,NaN,NaN,NaN
NaN,NaN,NaN,NaN
NaN,NaN,NaN,NaN
NaN,NaN,NaN,NaN
NaN,NaN,NaN,NaN
NaN,NaN,NaN,NaN
NaN,NaN,NaN,NaN
NaN,NaN,NaN,NaN
NaN,NaN,NaN,NaN
NaN,NaN,NaN,NaN
NaN,NaN,NaN,NaN
NaN,NaN,NaN,NaN
NaN,NaN,NaN,NaN
NaN,NaN,NaN,NaN
NaN,NaN,NaN,NaN
NaN,NaN,NaN,NaN
NaN,NaN,NaN,NaN
NaN,NaN,NaN,NaN
NaN,NaN,NaN,NaN
NaN,NaN,NaN,NaN
NaN,NaN,NaN,NaN
NaN,NaN,NaN,NaN
NaN,NaN,NaN,NaN
NaN,NaN,NaN,NaN
NaN,NaN,NaN,NaN
NaN,NaN,NaN,NaN
NaN,NaN,NaN,NaN
NaN,NaN,NaN,NaN
NaN,NaN,NaN,NaN
NaN,NaN,NaN,NaN
NaN,NaN,NaN,NaN
NaN,NaN,NaN,NaN
NaN,NaN,NaN,NaN
NaN,NaN,NaN,NaN
NaN,NaN,NaN,NaN
NaN,NaN,NaN,NaN
NaN,NaN,NaN,NaN
NaN,NaN,NaN,NaN
NaN,NaN,NaN,NaN
NaN,NaN,NaN,NaN
NaN,NaN,NaN,NaN
NaN,NaN,NaN,NaN
NaN,NaN,NaN,NaN
NaN,NaN,NaN,NaN
NaN,NaN,NaN,NaN
NaN,NaN,NaN,NaN
NaN,NaN,NaN,NaN
NaN,NaN,NaN,NaN
NaN,NaN,NaN,NaN
NaN,NaN,NaN,NaN
16 May 2026 00:14:25.469110489,16 May 2026 00:14:34.998946669,-40.5917952431834,-41.1859060728083
16 May 2026 18:23:15.422068419,16 May 2026 18:23:24.242794261,36.5384552580906,37.091514933546
18 May 2026 12:15:03.974807054,18 May 2026 12:15:16.308896074,-37.1227644192378,-37.8935977337766
NaN,NaN,NaN,NaN
NaN,NaN,NaN,NaN
NaN,NaN,NaN,NaN
NaN,NaN,NaN,NaN
NaN,NaN,NaN,NaN
NaN,NaN,NaN,NaN
NaN,NaN,NaN,NaN
NaN,NaN,NaN,NaN
NaN,NaN,NaN,NaN
NaN,NaN,NaN,NaN
NaN,NaN,NaN,NaN
NaN,NaN,NaN,NaN
NaN,NaN,NaN,NaN
NaN,NaN,NaN,NaN
NaN,NaN,NaN,NaN
NaN,NaN,NaN,NaN
NaN,NaN,NaN,NaN
NaN,NaN,NaN,NaN
NaN,NaN,NaN,NaN
NaN,NaN,NaN,NaN
NaN,NaN,NaN,NaN
NaN,NaN,NaN,NaN
NaN,NaN,NaN,NaN
NaN,NaN,NaN,NaN
NaN,NaN,NaN,NaN
NaN,NaN,NaN,NaN
NaN,NaN,NaN,NaN
NaN,NaN,NaN,NaN
NaN,NaN,NaN,NaN
NaN,NaN,NaN,NaN
NaN,NaN,NaN,NaN
NaN,NaN,NaN,NaN
NaN,NaN,NaN,NaN
NaN,NaN,NaN,NaN
NaN,NaN,NaN,NaN
NaN,NaN,NaN,NaN
NaN,NaN,NaN,NaN
NaN,NaN,NaN,NaN
NaN,NaN,NaN,NaN
NaN,NaN,NaN,NaN
NaN,NaN,NaN,NaN
NaN,NaN,NaN,NaN
NaN,NaN,NaN,NaN
NaN,NaN,NaN,NaN
NaN,NaN,NaN,NaN
NaN,NaN,NaN,NaN
NaN,NaN,NaN,NaN
NaN,NaN,NaN,NaN
NaN,NaN,NaN,NaN
NaN,NaN,NaN,NaN
NaN,NaN,NaN,NaN
NaN,NaN,NaN,NaN
NaN,NaN,NaN,NaN
NaN,NaN,NaN,NaN
NaN,NaN,NaN,NaN
NaN,NaN,NaN,NaN
NaN,NaN,NaN,NaN
NaN,NaN,NaN,NaN
NaN,NaN,NaN,NaN
NaN,NaN,NaN,NaN
NaN,NaN,NaN,NaN
NaN,NaN,NaN,NaN
NaN,NaN,NaN,NaN
NaN,NaN,NaN,NaN
NaN,NaN,NaN,NaN
NaN,NaN,NaN,NaN
NaN,NaN,NaN,NaN
NaN,NaN,NaN,NaN
NaN,NaN,NaN,NaN
NaN,NaN,NaN,NaN
NaN,NaN,NaN,NaN
NaN,NaN,NaN,NaN
NaN,NaN,NaN,NaN
NaN,NaN,NaN,NaN
NaN,NaN,NaN,NaN
NaN,NaN,NaN,NaN
NaN,NaN,NaN,NaN
NaN,NaN,NaN,NaN
NaN,NaN,NaN,NaN
NaN,NaN,NaN,NaN
NaN,NaN,NaN,NaN
NaN,NaN,NaN,NaN
NaN,NaN,NaN,NaN
NaN,NaN,NaN,NaN
NaN,NaN,NaN,NaN
NaN,NaN,NaN,NaN
NaN,NaN,NaN,NaN
NaN,NaN,NaN,NaN
NaN,NaN,NaN,NaN
NaN,NaN,NaN,NaN
NaN,NaN,NaN,NaN
NaN,NaN,NaN,NaN
NaN,NaN,NaN,NaN
NaN,NaN,NaN,NaN
NaN,NaN,NaN,NaN
NaN,NaN,NaN,NaN
NaN,NaN,NaN,NaN
NaN,NaN,NaN,NaN
NaN,NaN,NaN,NaN
NaN,NaN,NaN,NaN
NaN,NaN,NaN,NaN
NaN,NaN,NaN,NaN
NaN,NaN,NaN,NaN
NaN,NaN,NaN,NaN
NaN,NaN,NaN,NaN
NaN,NaN,NaN,NaN
NaN,NaN,NaN,NaN
NaN,NaN,NaN,NaN
NaN,NaN,NaN,NaN
NaN,NaN,NaN,NaN
NaN,NaN,NaN,NaN
NaN,NaN,NaN,NaN
NaN,NaN,NaN,NaN
NaN,NaN,NaN,NaN
NaN,NaN,NaN,NaN
NaN,NaN,NaN,NaN
NaN,NaN,NaN,NaN
NaN,NaN,NaN,NaN
NaN,NaN,NaN,NaN
NaN,NaN,NaN,NaN
NaN,NaN,NaN,NaN
NaN,NaN,NaN,NaN
NaN,NaN,NaN,NaN
NaN,NaN,NaN,NaN
NaN,NaN,NaN,NaN
NaN,NaN,NaN,NaN
NaN,NaN,NaN,NaN
NaN,NaN,NaN,NaN
NaN,NaN,NaN,NaN
NaN,NaN,NaN,NaN
NaN,NaN,NaN,NaN
NaN,NaN,NaN,NaN
6 May 2026 03:46:11.046404961,6 May 2026 03:46:33.220925950,-30.5222862817827,-29.1271699294116
6 May 2026 21:55:01.674676401,6 May 2026 21:55:35.113036616,34.4160985585862,32.3223297035028
7 May 2026 21:37:31.890282074,7 May 2026 21:38:24.918253304,31.3738434984925,28.0487801503025
8 May 2026 15:46:34.952938338,8 May 2026 15:47:22.303739303,-35.0972490702678,-32.123393723831
9 May 2026 09:55:26.032903243,9 May 2026 09:56:20.063221353,38.9724797941374,35.5961413817275
9 May 2026 15:29:14.373284466,9 May 2026 15:30:07.737439483,-31.4350030780219,-28.0769880072495
10 May 2026 09:37:58.234550753,10 May 2026 09:39:20.341031576,35.7940987112861,30.6534999659815
11 May 2026 03:47:19.161314105,11 May 2026 03:48:07.021891212,-38.3403819778791,-35.3396953073994
11 May 2026 09:20:42.740163774,11 May 2026 09:21:53.147098879,31.8328136604806,27.4182553076089
12 May 2026 03:29:39.212020235,12 May 2026 03:31:03.823499229,-35.880640284211,-30.5651261237792
12 May 2026 21:39:16.535884392,12 May 2026 21:40:12.254409944,36.9122045830919,33.4269612975752
13 May 2026 21:21:35.189702562,13 May 2026 21:22:55.672671394,34.55223436752,29.5107386619366
14 May 2026 15:31:26.859260403,14 May 2026 15:31:56.023817349,-35.0777455072535,-33.2464212104193
16 May 2026 09:23:41.138719119,16 May 2026 09:23:54.869006156,32.621475579776,31.7613840253286
19 May 2026 09:57:14.446047617,19 May 2026 09:57:16.217466572,55.8935029038597,55.7847011876862
NaN,NaN,NaN,NaN
NaN,NaN,NaN,NaN
NaN,NaN,NaN,NaN
NaN,NaN,NaN,NaN
NaN,NaN,NaN,NaN
NaN,NaN,NaN,NaN
NaN,NaN,NaN,NaN
NaN,NaN,NaN,NaN
NaN,NaN,NaN,NaN
NaN,NaN,NaN,NaN
NaN,NaN,NaN,NaN
NaN,NaN,NaN,NaN
NaN,NaN,NaN,NaN
NaN,NaN,NaN,NaN
NaN,NaN,NaN,NaN
NaN,NaN,NaN,NaN
NaN,NaN,NaN,NaN
NaN,NaN,NaN,NaN
NaN,NaN,NaN,NaN
NaN,NaN,NaN,NaN
NaN,NaN,NaN,NaN
NaN,NaN,NaN,NaN
NaN,NaN,NaN,NaN
NaN,NaN,NaN,NaN
NaN,NaN,NaN,NaN
NaN,NaN,NaN,NaN
NaN,NaN,NaN,NaN
NaN,NaN,NaN,NaN
NaN,NaN,NaN,NaN
NaN,NaN,NaN,NaN
NaN,NaN,NaN,NaN
NaN,NaN,NaN,NaN
NaN,NaN,NaN,NaN
NaN,NaN,NaN,NaN
NaN,NaN,NaN,NaN
NaN,NaN,NaN,NaN
NaN,NaN,NaN,NaN
NaN,NaN,NaN,NaN
NaN,NaN,NaN,NaN
NaN,NaN,NaN,NaN
NaN,NaN,NaN,NaN
NaN,NaN,NaN,NaN
NaN,NaN,NaN,NaN
NaN,NaN,NaN,NaN
NaN,NaN,NaN,NaN
NaN,NaN,NaN,NaN
NaN,NaN,NaN,NaN
NaN,NaN,NaN,NaN
NaN,NaN,NaN,NaN
NaN,NaN,NaN,NaN
NaN,NaN,NaN,NaN
NaN,NaN,NaN,NaN
NaN,NaN,NaN,NaN
NaN,NaN,NaN,NaN
NaN,NaN,NaN,NaN
NaN,NaN,NaN,NaN
NaN,NaN,NaN,NaN
NaN,NaN,NaN,NaN
NaN,NaN,NaN,NaN
NaN,NaN,NaN,NaN
NaN,NaN,NaN,NaN
NaN,NaN,NaN,NaN
NaN,NaN,NaN,NaN
NaN,NaN,NaN,NaN
NaN,NaN,NaN,NaN
NaN,NaN,NaN,NaN
NaN,NaN,NaN,NaN
NaN,NaN,NaN,NaN
NaN,NaN,NaN,NaN
NaN,NaN,NaN,NaN
NaN,NaN,NaN,NaN
NaN,NaN,NaN,NaN
NaN,NaN,NaN,NaN
NaN,NaN,NaN,NaN
NaN,NaN,NaN,NaN
NaN,NaN,NaN,NaN
NaN,NaN,NaN,NaN
NaN,NaN,NaN,NaN
NaN,NaN,NaN,NaN
NaN,NaN,NaN,NaN
NaN,NaN,NaN,NaN
NaN,NaN,NaN,NaN
NaN,NaN,NaN,NaN
NaN,NaN,NaN,NaN
NaN,NaN,NaN,NaN
NaN,NaN,NaN,NaN
NaN,NaN,NaN,NaN
NaN,NaN,NaN,NaN
NaN,NaN,NaN,NaN
NaN,NaN,NaN,NaN
NaN,NaN,NaN,NaN
NaN,NaN,NaN,NaN
NaN,NaN,NaN,NaN
NaN,NaN,NaN,NaN
NaN,NaN,NaN,NaN
NaN,NaN,NaN,NaN
NaN,NaN,NaN,NaN
NaN,NaN,NaN,NaN
NaN,NaN,NaN,NaN
NaN,NaN,NaN,NaN
NaN,NaN,NaN,NaN
NaN,NaN,NaN,NaN
NaN,NaN,NaN,NaN
NaN,NaN,NaN,NaN
NaN,NaN,NaN,NaN
NaN,NaN,NaN,NaN
NaN,NaN,NaN,NaN
NaN,NaN,NaN,NaN
NaN,NaN,NaN,NaN
NaN,NaN,NaN,NaN
NaN,NaN,NaN,NaN
NaN,NaN,NaN,NaN
NaN,NaN,NaN,NaN
NaN,NaN,NaN,NaN
NaN,NaN,NaN,NaN
NaN,NaN,NaN,NaN
NaN,NaN,NaN,NaN
NaN,NaN,NaN,NaN
NaN,NaN,NaN,NaN
NaN,NaN,NaN,NaN
6 May 2026 11:35:59.855969585,6 May 2026 11:37:24.905579829,-45.8630250826382,-40.5559907562165
8 May 2026 05:28:11.860414654,8 May 2026 05:29:00.169728617,43.4876093760936,40.4768478628551
NaN,NaN,NaN,NaN
NaN,NaN,NaN,NaN
NaN,NaN,NaN,NaN
NaN,NaN,NaN,NaN
NaN,NaN,NaN,NaN
NaN,NaN,NaN,NaN
NaN,NaN,NaN,NaN
NaN,NaN,NaN,NaN
NaN,NaN,NaN,NaN
NaN,NaN,NaN,NaN
NaN,NaN,NaN,NaN
NaN,NaN,NaN,NaN
NaN,NaN,NaN,NaN
NaN,NaN,NaN,NaN
NaN,NaN,NaN,NaN
NaN,NaN,NaN,NaN
NaN,NaN,NaN,NaN
NaN,NaN,NaN,NaN
NaN,NaN,NaN,NaN
NaN,NaN,NaN,NaN
NaN,NaN,NaN,NaN
NaN,NaN,NaN,NaN
NaN,NaN,NaN,NaN
NaN,NaN,NaN,NaN
NaN,NaN,NaN,NaN
NaN,NaN,NaN,NaN
NaN,NaN,NaN,NaN
NaN,NaN,NaN,NaN
NaN,NaN,NaN,NaN
NaN,NaN,NaN,NaN
NaN,NaN,NaN,NaN
NaN,NaN,NaN,NaN
NaN,NaN,NaN,NaN
NaN,NaN,NaN,NaN
NaN,NaN,NaN,NaN
NaN,NaN,NaN,NaN
NaN,NaN,NaN,NaN
NaN,NaN,NaN,NaN
NaN,NaN,NaN,NaN
NaN,NaN,NaN,NaN
NaN,NaN,NaN,NaN
NaN,NaN,NaN,NaN
NaN,NaN,NaN,NaN
NaN,NaN,NaN,NaN
NaN,NaN,NaN,NaN
NaN,NaN,NaN,NaN
NaN,NaN,NaN,NaN
NaN,NaN,NaN,NaN
NaN,NaN,NaN,NaN
NaN,NaN,NaN,NaN
NaN,NaN,NaN,NaN
NaN,NaN,NaN,NaN
NaN,NaN,NaN,NaN
NaN,NaN,NaN,NaN
NaN,NaN,NaN,NaN
NaN,NaN,NaN,NaN
NaN,NaN,NaN,NaN
NaN,NaN,NaN,NaN
NaN,NaN,NaN,NaN
NaN,NaN,NaN,NaN
NaN,NaN,NaN,NaN
NaN,NaN,NaN,NaN
NaN,NaN,NaN,NaN
NaN,NaN,NaN,NaN
NaN,NaN,NaN,NaN
NaN,NaN,NaN,NaN
NaN,NaN,NaN,NaN
NaN,NaN,NaN,NaN
NaN,NaN,NaN,NaN
NaN,NaN,NaN,NaN
NaN,NaN,NaN,NaN
NaN,NaN,NaN,NaN
NaN,NaN,NaN,NaN
NaN,NaN,NaN,NaN
NaN,NaN,NaN,NaN
NaN,NaN,NaN,NaN
NaN,NaN,NaN,NaN
NaN,NaN,NaN,NaN
NaN,NaN,NaN,NaN
NaN,NaN,NaN,NaN
NaN,NaN,NaN,NaN
NaN,NaN,NaN,NaN
NaN,NaN,NaN,NaN
NaN,NaN,NaN,NaN
NaN,NaN,NaN,NaN
NaN,NaN,NaN,NaN
NaN,NaN,NaN,NaN
NaN,NaN,NaN,NaN
NaN,NaN,NaN,NaN
NaN,NaN,NaN,NaN
NaN,NaN,NaN,NaN
NaN,NaN,NaN,NaN
NaN,NaN,NaN,NaN
NaN,NaN,NaN,NaN
NaN,NaN,NaN,NaN
NaN,NaN,NaN,NaN
NaN,NaN,NaN,NaN
NaN,NaN,NaN,NaN
NaN,NaN,NaN,NaN
NaN,NaN,NaN,NaN
NaN,NaN,NaN,NaN
NaN,NaN,NaN,NaN
NaN,NaN,NaN,NaN
NaN,NaN,NaN,NaN
NaN,NaN,NaN,NaN
NaN,NaN,NaN,NaN
NaN,NaN,NaN,NaN
NaN,NaN,NaN,NaN
NaN,NaN,NaN,NaN
NaN,NaN,NaN,NaN
NaN,NaN,NaN,NaN
NaN,NaN,NaN,NaN
NaN,NaN,NaN,NaN
NaN,NaN,NaN,NaN
NaN,NaN,NaN,NaN
NaN,NaN,NaN,NaN
NaN,NaN,NaN,NaN
NaN,NaN,NaN,NaN
NaN,NaN,NaN,NaN
NaN,NaN,NaN,NaN
NaN,NaN,NaN,NaN
NaN,NaN,NaN,NaN
NaN,NaN,NaN,NaN
NaN,NaN,NaN,NaN
NaN,NaN,NaN,NaN
NaN,NaN,NaN,NaN
NaN,NaN,NaN,NaN
NaN,NaN,NaN,NaN
NaN,NaN,NaN,NaN
NaN,NaN,NaN,NaN
NaN,NaN,NaN,NaN
NaN,NaN,NaN,NaN
NaN,NaN,NaN,NaN
6 May 2026 02:56:40.904568272,6 May 2026 02:57:30.563731580,38.1291043100821,35.024131826366
7 May 2026 20:48:53.116891090,7 May 2026 20:49:07.555616854,-36.405026457696,-35.4994251402178
8 May 2026 14:59:38.435002996,8 May 2026 15:00:06.397212035,33.1226046014965,31.3710499309954
10 May 2026 08:51:47.253635622,10 May 2026 08:51:49.293693908,-31.5100602769705,-31.3817853120357
14 May 2026 09:08:19.508511861,14 May 2026 09:09:23.056066000,-50.0978707560784,-46.1478724037398
16 May 2026 03:01:12.022544770,16 May 2026 03:02:12.202455628,45.248026932149,41.5021288489414
16 May 2026 21:07:47.207065119,16 May 2026 21:09:42.505631604,-57.9021304230454,-50.7900673335165
18 May 2026 14:59:57.101052291,18 May 2026 15:02:25.884930135,55.7193679821578,46.5252759462323
19 May 2026 09:08:35.227526796,19 May 2026 09:09:48.176223598,-60.6762093994841,-56.2076385366602
NaN,NaN,NaN,NaN
NaN,NaN,NaN,NaN
NaN,NaN,NaN,NaN
NaN,NaN,NaN,NaN
NaN,NaN,NaN,NaN
NaN,NaN,NaN,NaN
NaN,NaN,NaN,NaN
NaN,NaN,NaN,NaN
NaN,NaN,NaN,NaN
NaN,NaN,NaN,NaN
NaN,NaN,NaN,NaN
NaN,NaN,NaN,NaN
NaN,NaN,NaN,NaN
NaN,NaN,NaN,NaN
NaN,NaN,NaN,NaN
NaN,NaN,NaN,NaN
NaN,NaN,NaN,NaN
NaN,NaN,NaN,NaN
NaN,NaN,NaN,NaN
NaN,NaN,NaN,NaN
NaN,NaN,NaN,NaN
NaN,NaN,NaN,NaN
NaN,NaN,NaN,NaN
NaN,NaN,NaN,NaN
NaN,NaN,NaN,NaN
NaN,NaN,NaN,NaN
NaN,NaN,NaN,NaN
NaN,NaN,NaN,NaN
NaN,NaN,NaN,NaN
NaN,NaN,NaN,NaN
NaN,NaN,NaN,NaN
NaN,NaN,NaN,NaN
NaN,NaN,NaN,NaN
NaN,NaN,NaN,NaN
NaN,NaN,NaN,NaN
NaN,NaN,NaN,NaN
NaN,NaN,NaN,NaN
NaN,NaN,NaN,NaN
NaN,NaN,NaN,NaN
NaN,NaN,NaN,NaN
NaN,NaN,NaN,NaN
NaN,NaN,NaN,NaN
NaN,NaN,NaN,NaN
NaN,NaN,NaN,NaN
NaN,NaN,NaN,NaN
NaN,NaN,NaN,NaN
NaN,NaN,NaN,NaN
NaN,NaN,NaN,NaN
NaN,NaN,NaN,NaN
NaN,NaN,NaN,NaN
NaN,NaN,NaN,NaN
NaN,NaN,NaN,NaN
NaN,NaN,NaN,NaN
NaN,NaN,NaN,NaN
NaN,NaN,NaN,NaN
NaN,NaN,NaN,NaN
NaN,NaN,NaN,NaN
NaN,NaN,NaN,NaN
NaN,NaN,NaN,NaN
NaN,NaN,NaN,NaN
NaN,NaN,NaN,NaN
NaN,NaN,NaN,NaN
NaN,NaN,NaN,NaN
NaN,NaN,NaN,NaN
NaN,NaN,NaN,NaN
NaN,NaN,NaN,NaN
NaN,NaN,NaN,NaN
NaN,NaN,NaN,NaN
NaN,NaN,NaN,NaN
NaN,NaN,NaN,NaN
NaN,NaN,NaN,NaN
NaN,NaN,NaN,NaN
NaN,NaN,NaN,NaN
NaN,NaN,NaN,NaN
NaN,NaN,NaN,NaN
NaN,NaN,NaN,NaN
NaN,NaN,NaN,NaN
NaN,NaN,NaN,NaN
NaN,NaN,NaN,NaN
NaN,NaN,NaN,NaN
NaN,NaN,NaN,NaN
NaN,NaN,NaN,NaN
NaN,NaN,NaN,NaN
NaN,NaN,NaN,NaN
NaN,NaN,NaN,NaN
NaN,NaN,NaN,NaN
NaN,NaN,NaN,NaN
NaN,NaN,NaN,NaN
NaN,NaN,NaN,NaN
NaN,NaN,NaN,NaN
NaN,NaN,NaN,NaN
NaN,NaN,NaN,NaN
NaN,NaN,NaN,NaN
NaN,NaN,NaN,NaN
NaN,NaN,NaN,NaN
NaN,NaN,NaN,NaN
NaN,NaN,NaN,NaN
NaN,NaN,NaN,NaN
NaN,NaN,NaN,NaN
NaN,NaN,NaN,NaN
NaN,NaN,NaN,NaN
NaN,NaN,NaN,NaN
NaN,NaN,NaN,NaN
NaN,NaN,NaN,NaN
NaN,NaN,NaN,NaN
NaN,NaN,NaN,NaN
NaN,NaN,NaN,NaN
NaN,NaN,NaN,NaN
NaN,NaN,NaN,NaN
NaN,NaN,NaN,NaN
NaN,NaN,NaN,NaN
NaN,NaN,NaN,NaN
NaN,NaN,NaN,NaN
NaN,NaN,NaN,NaN
NaN,NaN,NaN,NaN
NaN,NaN,NaN,NaN
NaN,NaN,NaN,NaN
NaN,NaN,NaN,NaN
NaN,NaN,NaN,NaN
NaN,NaN,NaN,NaN
NaN,NaN,NaN,NaN
NaN,NaN,NaN,NaN
NaN,NaN,NaN,NaN
NaN,NaN,NaN,NaN
NaN,NaN,NaN,NaN
NaN,NaN,NaN,NaN
